"","lake","year_loess","depth","ast_formosa","aul_ambigua","sta_venter","tab_flocculosa","pse_elliptica","nav_cryptocephala","nit_perminuta","pin_subanglica","pse_brevistriata","sel_auldrekie","fra_crotonensis","sta_construens","aul_granulata","aul_subarctica","lin_intermedia","tab_fenestrata","ach_minutissimum","fra_mesolepta","sel_nigri","sta_pinnata","sel_saugerresii","dis_pseudostelligera","aul_tenella","pse_brevistriata_inflata","lin_comta","pse_robusta","sed_a","sed_b","sed_c","myxo","allo","diato","lutein","cantha","echine","phaeo_b","pheo_a","b_car"
"1","burnt",2018.2741306454,2,15.25,36.5,15.25,18.75,4.75,0,0,0,0.25,0,3,0,0,0,0.5,0,0.5,0,1,0.5,0.25,0,0,0.75,0.25,0,1.24349002839629,3.73860440809593,3.05453185695176,3.72329000437825,17.7010354510785,12.9293128594317,20.9680056728724,8.11330103824346,4.52884183419895,31.8407523816019,34.5359896960441,7.31190433132552
"2","burnt",2014.22909886214,3,15.25,36.5,15.25,18.75,4.75,0,0,0,0.25,0,3,0,0,0,0.5,0,0.5,0,1,0.5,0.25,0,0,0.75,0.25,0,1.24349002839629,3.73860440809593,3.05453185695176,3.72329000437825,17.7010354510785,12.9293128594317,20.9680056728724,8.11330103824346,4.52884183419895,31.8407523816019,34.5359896960441,7.31190433132552
"3","burnt",2009.98885613295,4,11.75,32.75,22.5,16.5,5.75,0,0,0,0,0,4,0,0,0.25,1.25,0,0,0,1,0,0.5,0,0,1,0,0,0.762685028307098,2.25192286304971,1.73867442111244,2.5195410867622,10.7829755415887,8.62280053193734,12.0031272048876,5.99596610399001,2.14427926424297,19.7477487096432,17.1634895584247,1.896747874104
"4","burnt",2005.56143171556,5,18,35.5,16.5,15.5,3.5,0,0,0,0.25,0,3,0.5,0,0,1,0,0,0,1,1,0.25,0.25,0,0.25,0,0,0.727108135165741,2.08401305897231,1.70343047887825,2.18046852899597,10.5039215228745,7.48827420975933,11.0240250342885,5.67087937328767,2.44474106376781,21.5276189905356,20.7858625448948,3.17811153334607
"5","burnt",2000.94401975649,6,12.25,40.25,15.25,15.25,8.25,0,0,0,0.25,0,2.25,0.25,0,0,0.75,0,0.25,0,1,0,0.25,0.25,0,1,0.25,0,0.601014499417234,2.06621395564138,1.32210705355398,2.34960155680643,10.1492062417536,7.60558605281399,11.39098947909,5.85219512347793,2.76216301135668,28.4628933225513,27.0998250029285,4.89681510908613
"6","burnt",1996.12934758546,7,10.5,30.75,17.75,14.75,13,0,0,0,0,0,3.5,0.5,0,0.25,1,0,0.5,0,0.75,0.75,1,0.25,0,0.5,0,0,0.71344953760136,1.5310022179726,0.592772613112494,3.36406789920841,9.66344535669765,6.75151907184614,11.473846526055,2.60886728443159,2.70741818493364,33.7492042786773,34.1169621454761,5.22479891275627
"7","burnt",1991.11014253217,8,10.5,30.75,17.75,14.75,13,0,0,0,0,0,3.5,0.5,0,0.25,1,0,0.5,0,0.75,0.75,1,0.25,0,0.5,0,0,0.887969180678331,2.14694359874492,1.90429755983537,3.24384261009603,12.3063863985928,10.3422864809227,14.7680558000862,7.31828666605941,1.84593919193765,28.679193850917,20.8510688692588,1.59886716600961
"8","burnt",1985.8976767367,9,12,40.75,16.5,13,5.75,0,0,0,0.25,0,3,0.5,0,0.5,0.75,0,0.25,0,1,0.25,0.75,0,0,0.5,0.25,0,0.506544109518667,1.92312822994791,1.49749851016215,2.70167044055001,8.76090980518152,7.72672569070146,10.5604270661333,5.38879472801743,2.19619445617655,25.274705717003,22.7787241949916,2.68761835546169
"9","burnt",1980.4994260537,10,11.75,37,19,11.75,11.75,0,0,0,0.25,0,2,0.25,0,0.25,0.5,0,0,0,0,0.75,0.25,0.25,0,1,0,0,0.537778861242003,1.93348744535829,1.14046808349645,2.16318571270249,7.44122697771622,6.45257119245608,9.01763953827363,5.15223725585923,2.06763768889197,22.5210217535107,18.5427092914076,3.17976960757014
"10","burnt",1974.9024233848,11,10.5,35.5,24.75,8.5,10.5,0,0,0,0.25,0,1,0.5,0,0.5,0.5,0,0.5,0,0.5,0,1,0.25,0,1,0,0,0.537778861242003,1.93348744535829,1.14046808349645,2.16318571270249,7.44122697771622,6.45257119245608,9.01763953827363,5.15223725585923,2.06763768889197,22.5210217535107,18.5427092914076,3.17976960757014
"11","burnt",1969.09370163163,12,11.75,31.75,21.25,5.75,22.5,0,0,0,0,0,0,0,0,0.5,1,0,0.25,0,0.75,0,0.25,0.25,0,0.5,0.75,0,1.52882359233957,3.35008640967853,2.3946837427471,1.59117789224329,6.0471626277973,5.8117904296899,7.36737458427579,4.25829728730475,1.29670321432668,12.0512574948856,7.37925088656755,0.918385935675527
"12","burnt",1962.95000223447,13,11.75,31.75,21.25,5.75,22.5,0,0,0,0,0,0,0,0,0.5,1,0,0.25,0,0.75,0,0.25,0.25,0,0.5,0.75,0,1.52882359233957,3.35008640967853,2.3946837427471,1.59117789224329,6.0471626277973,5.8117904296899,7.36737458427579,4.25829728730475,1.29670321432668,12.0512574948856,7.37925088656755,0.918385935675527
"13","burnt",1956.47274889439,14,11.75,31.75,21.25,5.75,22.5,0,0,0,0,0,0,0,0,0.5,1,0,0.25,0,0.75,0,0.25,0.25,0,0.5,0.75,0,0.488246419080319,1.57534902117818,1.1744319821445,2.37192449868704,7.09193131749654,6.46180628487432,9.11040056783367,4.63976645152439,0.647340328022643,25.0816320129747,18.3483426751108,2.38633684204336
"14","burnt",1949.83599790424,15,11.75,31.75,21.25,5.75,22.5,0,0,0,0,0,0,0,0,0.5,1,0,0.25,0,0.75,0,0.25,0.25,0,0.5,0.75,0,0.488246419080319,1.57534902117818,1.1744319821445,2.37192449868704,7.09193131749654,6.46180628487432,9.11040056783367,4.63976645152439,0.647340328022643,25.0816320129747,18.3483426751108,2.38633684204336
"15","burnt",1943.21380555683,16,14.25,32,24.75,6.25,14.25,0,0,0,0.25,0,0.25,0.25,0,0,0.25,0,0.5,0,0.75,0.5,0,0,0,1,0.25,0,0.437170678344367,1.85076156793029,1.09736973303712,2.016986479851,7.11919622112557,7.54992648361129,9.72104001532073,5.0870408172276,1.8770497897827,21.1074537673954,19.2794032383807,2.97504297868306
"16","burnt",1936.3785450589,17,10.5,54,8.25,5.75,14.25,0,0,0,0.25,0,0.75,0.25,0,0,0.5,0,0.25,0,0.75,1,0,0,0,0.5,0.5,0,0.437170678344367,1.85076156793029,1.09736973303712,2.016986479851,7.11919622112557,7.54992648361129,9.72104001532073,5.0870408172276,1.8770497897827,21.1074537673954,19.2794032383807,2.97504297868306
"17","burnt",1929.23306649953,18,10.5,54,8.25,5.75,14.25,0,0,0,0.25,0,0.75,0.25,0,0,0.5,0,0.25,0,0.75,1,0,0,0,0.5,0.5,0,0.437170678344367,1.85076156793029,1.09736973303712,2.016986479851,7.11919622112557,7.54992648361129,9.72104001532073,5.0870408172276,1.8770497897827,21.1074537673954,19.2794032383807,2.97504297868306
"18","burnt",1922.14714149505,19,10.5,54,8.25,5.75,14.25,0,0,0,0.25,0,0.75,0.25,0,0,0.5,0,0.25,0,0.75,1,0,0,0,0.5,0.5,0,0.437170678344367,1.85076156793029,1.09736973303712,2.016986479851,7.11919622112557,7.54992648361129,9.72104001532073,5.0870408172276,1.8770497897827,21.1074537673954,19.2794032383807,2.97504297868306
"19","burnt",1915.4905416618,20,10.5,54,8.25,5.75,14.25,0,0,0,0.25,0,0.75,0.25,0,0,0.5,0,0.25,0,0.75,1,0,0,0,0.5,0.5,0,0,1.79445035026035,1.04906493427069,1.44430399841498,6.25757175811087,7.43774696071262,9.33270101375665,3.79206201426745,1.22548565245295,19.2770004872143,10.0000946809362,0.955242413763808
"20","burnt",1909.41459878826,21,10.5,54,8.25,5.75,14.25,0,0,0,0.25,0,0.75,0.25,0,0,0.5,0,0.25,0,0.75,1,0,0,0,0.5,0.5,0,0,1.79445035026035,1.04906493427069,1.44430399841498,6.25757175811087,7.43774696071262,9.33270101375665,3.79206201426745,1.22548565245295,19.2770004872143,10.0000946809362,0.955242413763808
"21","burnt",1903.63441744737,22,9.5,42.25,5.75,8.25,23.75,0,0,0,0,0,0.25,0,0,0.5,1,0,0.25,0,0.5,0,0.5,0.25,0,0.75,0.75,0,0.449862131028417,1.33369099447097,0.16977403049218,1.50761035687696,7.72151780088899,8.21257200297108,9.62655089152822,4.09385574612651,1.41785831952551,15.2887126204847,14.1300800819102,2.32103563919163
"22","burnt",1897.86542843212,23,9.5,42.25,5.75,8.25,23.75,0,0,0,0,0,0.25,0,0,0.5,1,0,0.25,0,0.5,0,0.5,0.25,0,0.75,0.75,0,0.449862131028417,1.33369099447097,0.16977403049218,1.50761035687696,7.72151780088899,8.21257200297108,9.62655089152822,4.09385574612651,1.41785831952551,15.2887126204847,14.1300800819102,2.32103563919163
"23","burnt",1891.82306253553,24,9.5,42.25,5.75,8.25,23.75,0,0,0,0,0,0.25,0,0,0.5,1,0,0.25,0,0.5,0,0.5,0.25,0,0.75,0.75,0,0.449862131028417,1.33369099447097,0.16977403049218,1.50761035687696,7.72151780088899,8.21257200297108,9.62655089152822,4.09385574612651,1.41785831952551,15.2887126204847,14.1300800819102,2.32103563919163
"24","burnt",1885.55547464712,25,9.5,42.25,5.75,8.25,23.75,0,0,0,0,0,0.25,0,0,0.5,1,0,0.25,0,0.5,0,0.5,0.25,0,0.75,0.75,0,0.449862131028417,1.33369099447097,0.16977403049218,1.50761035687696,7.72151780088899,8.21257200297108,9.62655089152822,4.09385574612651,1.41785831952551,15.2887126204847,14.1300800819102,2.32103563919163
"25","burnt",1879.26638262815,26,9.5,54.25,9.5,5.75,13,0,0,0,0,0,0.25,0,0,0,0.5,0,0.5,0,0.5,0.5,0.5,0,0,1,0.5,0,0,1.57893030550368,0.827053728391981,1.35064488401287,7.46345355271802,7.70275856967437,10.3229496617675,3.52181255139895,1.12040804258491,8.54515761003068,10.1166285744842,1.50644692265776
"26","burnt",1872.90456172916,27,9.5,54.25,9.5,5.75,13,0,0,0,0,0,0.25,0,0,0,0.5,0,0.5,0,0.5,0.5,0.5,0,0,1,0.5,0,0,1.57893030550368,0.827053728391981,1.35064488401287,7.46345355271802,7.70275856967437,10.3229496617675,3.52181255139895,1.12040804258491,8.54515761003068,10.1166285744842,1.50644692265776
"27","burnt",1866.41878720072,28,9.5,54.25,9.5,5.75,13,0,0,0,0,0,0.25,0,0,0,0.5,0,0.5,0,0.5,0.5,0.5,0,0,1,0.5,0,0.395784903745241,1.07254124658697,0.441168587431103,1.16009802567775,6.77005148940441,6.76114785121314,8.91474375821789,3.32719121890344,0.988167636482971,11.7935274759173,10.3887850660114,1.79487931103924
"28","burnt",1859.75783429338,29,9.5,54.25,9.5,5.75,13,0,0,0,0,0,0.25,0,0,0,0.5,0,0.5,0,0.5,0.5,0.5,0,0,1,0.5,0,0.395784903745241,1.07254124658697,0.441168587431103,1.16009802567775,6.77005148940441,6.76114785121314,8.91474375821789,3.32719121890344,0.988167636482971,11.7935274759173,10.3887850660114,1.79487931103924
"29","burnt",1852.87047825768,30,9.5,54.25,9.5,5.75,13,0,0,0,0,0,0.25,0,0,0,0.5,0,0.5,0,0.5,0.5,0.5,0,0,1,0.5,0,0.395784903745241,1.07254124658697,0.441168587431103,1.16009802567775,6.77005148940441,6.76114785121314,8.91474375821789,3.32719121890344,0.988167636482971,11.7935274759173,10.3887850660114,1.79487931103924
"30","burnt",1845.74958306586,31,9.5,54.25,9.5,5.75,13,0,0,0,0,0,0.25,0,0,0,0.5,0,0.5,0,0.5,0.5,0.5,0,0,1,0.5,0,0.395784903745241,1.07254124658697,0.441168587431103,1.16009802567775,6.77005148940441,6.76114785121314,8.91474375821789,3.32719121890344,0.988167636482971,11.7935274759173,10.3887850660114,1.79487931103924
"31","burnt",1838.43858996232,32,9.5,54.25,9.5,5.75,13,0,0,0,0,0,0.25,0,0,0,0.5,0,0.5,0,0.5,0.5,0.5,0,0,1,0.5,0,0.395784903745241,1.07254124658697,0.441168587431103,1.16009802567775,6.77005148940441,6.76114785121314,8.91474375821789,3.32719121890344,0.988167636482971,11.7935274759173,10.3887850660114,1.79487931103924
"32","burnt",1830.96214010586,33,9.5,54.25,9.5,5.75,13,0,0,0,0,0,0.25,0,0,0,0.5,0,0.5,0,0.5,0.5,0.5,0,0,1,0.5,0,0.395784903745241,1.07254124658697,0.441168587431103,1.16009802567775,6.77005148940441,6.76114785121314,8.91474375821789,3.32719121890344,0.988167636482971,11.7935274759173,10.3887850660114,1.79487931103924
"33","dunnigan",2018.9061796386,2,0,0,0,6,0,19.75,11.25,4.25,4.75,2.75,0,0,0,0,0,1,1.75,0,0,0,3.25,0,0,0,0,1.75,0,2.25994595693681,0,3.08985849940228,5.05123847077651,5.01780068482666,16.3233342910472,1.56466360900988,4.53933784353394,35.2577507748603,50.4144190955529,20.0169635272874
"34","dunnigan",2017.48875747663,3,0,0,0,6,0,19.75,11.25,4.25,4.75,2.75,0,0,0,0,0,1,1.75,0,0,0,3.25,0,0,0,0,1.75,0,3.00354064199216,0,4.34101573655143,7.51095574898936,6.01301249029896,18.8765101770342,3.30405738685463,5.71627167867339,30.9068586446395,48.5002743202145,24.410659885261
"35","dunnigan",2015.37657935122,4,0,0,0,6,0,19.75,11.25,4.25,4.75,2.75,0,0,0,0,0,1,1.75,0,0,0,3.25,0,0,0,0,1.75,0,3.00354064199216,0,4.34101573655143,7.51095574898936,6.01301249029896,18.8765101770342,3.30405738685463,5.71627167867339,30.9068586446395,48.5002743202145,24.410659885261
"36","dunnigan",2012.58593988094,5,0,0,0,5.75,0,21.25,12.5,6,5.25,3.75,0,0,0,0,0,1,2.5,0,0,0,1.75,0,0,0,0,2.5,0,1.53950927167537,0,1.77126869844804,10.3114438030171,8.23678058232478,24.6668309520642,4.08543454110203,7.09296633965533,36.3777140359369,37.4543279276495,12.8611952264302
"37","dunnigan",2009.10458224935,6,0,0,0,5.75,0,21.25,12.5,6,5.25,3.75,0,0,0,0,0,1,2.5,0,0,0,1.75,0,0,0,0,2.5,0,2.25885916631762,0,3.36013898789915,9.78306925522541,8.05913555520272,23.3089808723343,1.61822176626329,5.32812423637998,31.2415091722656,24.0183601231278,4.86128062904287
"38","dunnigan",2004.91127645558,7,0,0,0,7.25,0,22.75,12.5,3.5,4,4.25,0,0,0,0,0,0.5,1.75,0,0,0,2.5,0,0,0,0,2.5,0,1.95613910966112,0,3.88758978393742,9.15664325324737,8.81982215402734,23.323710767545,4.39290341162394,5.19927187863498,33.1432826989902,39.9352912022778,21.2215698470875
"39","dunnigan",1999.98479249877,8,0,0,0,8,0,23.25,13,3.25,2,4.75,0,0,0,0,0,0.75,1.5,0,0,0,3,0,0,0,0,2.25,0,0.16553498868971,0,3.85422565185518,10.0900268278749,6.3281219925994,26.0006902200091,3.62057364992455,6.5262359550588,33.9949763305679,36.5174337525776,20.4125668998708
"40","dunnigan",1994.30450361292,9,0,0,0,18.25,0,18,12.5,3.25,1.75,3.75,0,0,0,0,0,0.5,2.5,0,0,0,2.75,0,0,0,0,3.5,0,3.28478938284741,0,4.97449566758125,12.1720452741804,9.4795281036831,31.2016079930293,5.84574520556633,7.38142980194805,58.2165531227057,32.7591245762135,17.9005108530011
"41","dunnigan",1987.87961835603,10,0,0,0,2.25,0,22.5,11,4.75,3.25,5.75,0,0,0,0,0,0.5,2,0,0,0,3,0,0,0,0,2,0,2.01382113574514,0,2.49691344423701,7.41567050981911,5.56407863094298,19.3998511866659,2.27235946814329,3.86926526354355,36.3966903829286,26.0032135639203,13.0558283271774
"42","dunnigan",1980.73365971321,11,0,0,0,11.5,0,18.75,10,4,7.25,3.5,0,0,0,0,0,0.5,2.25,0,0,0,2.25,0,0,0,0,2,0,2.01382113574514,0,2.49691344423701,7.41567050981911,5.56407863094298,19.3998511866659,2.27235946814329,3.86926526354355,36.3966903829286,26.0032135639203,13.0558283271774
"43","dunnigan",1972.89015066958,12,0,0,0,8.25,0,23.75,12.25,3.5,2.75,4.5,0,0,0,0,0,0.75,2.5,0,0,0,2.75,0,0,0,0,1.75,0,2.24081987079421,0,3.95541659989672,11.069281812611,8.29058118283526,26.8510858075795,5.17911028013836,7.66662129585156,66.3891831776693,38.4485329818815,24.0161123246021
"44","dunnigan",1963.89882404707,13,0,0,0,9.25,0,18.25,13.25,6,6,5.25,0,0,0,0,0,0.75,1,0,0,0,2.5,0,0,0,0,2.75,0,2.24081987079421,0,3.95541659989672,11.069281812611,8.29058118283526,26.8510858075795,5.17911028013836,7.66662129585156,66.3891831776693,38.4485329818815,24.0161123246021
"45","dunnigan",1954.25085342768,14,0,0,0,8,0,22.5,10.5,4.25,5,4,0,0,0,0,0,0.5,1.25,0,0,0,2.25,0,0,0,0,1,0,1.56009648967987,0,3.31187097459905,9.31028314490765,7.35682790566771,23.4792045753358,3.8632267559873,4.43063924643726,36.1183965529948,21.7570069017958,5.56826242850269
"46","dunnigan",1944.08870532587,15,0,0,0,8,0,22.5,10.5,4.25,5,4,0,0,0,0,0,0.5,1.25,0,0,0,2.25,0,0,0,0,1,0,1.56009648967987,0,3.31187097459905,9.31028314490765,7.35682790566771,23.4792045753358,3.8632267559873,4.43063924643726,36.1183965529948,21.7570069017958,5.56826242850269
"47","dunnigan",1933.0477418946,16,0,0,0,8.5,0,20,13.5,6.25,2,2.25,0,0,0,0,0,0.25,2.25,0,0,0,2.5,0,0,0,0,3.5,0,0.84142815198199,0,3.589060449852,9.90701387460863,7.29693038395489,23.3079990770734,0.300926107096257,6.18904566946719,43.3674653427492,25.1283906866142,9.38696903956411
"48","dunnigan",1921.80299071694,17,0,0,0,8.5,0,20,13.5,6.25,2,2.25,0,0,0,0,0,0.25,2.25,0,0,0,2.5,0,0,0,0,3.5,0,0.84142815198199,0,3.589060449852,9.90701387460863,7.29693038395489,23.3079990770734,0.300926107096257,6.18904566946719,43.3674653427492,25.1283906866142,9.38696903956411
"49","dunnigan",1911.02947937592,18,0,0,0,2,0,23,11.75,6,3,4,0,0,0,0,0,1,2.25,0,0,0,3.5,0,0,0,0,2.75,0,1.28579685058291,0,3.10863570449284,6.95084813483527,4.71713785543832,17.7806496477584,2.72938773227997,4.42652546318204,31.6630756108256,19.6658629329986,12.3623794626663
"50","dunnigan",1900.839665356,19,0,0,0,2,0,23,11.75,6,3,4,0,0,0,0,0,1,2.25,0,0,0,3.5,0,0,0,0,2.75,0,1.28579685058291,0,3.10863570449284,6.95084813483527,4.71713785543832,17.7806496477584,2.72938773227997,4.42652546318204,31.6630756108256,19.6658629329986,12.3623794626663
"51","dunnigan",1890.83672847281,20,0,0,0,4.75,0,16.25,13,4.5,3.75,3.25,0,0,0,0,0,0.5,2.5,0,0,0,3.5,0,0,0,0,3.5,0,0.456711110394913,0,2.69444640303205,5.64100615455227,4.31028508613205,14.6236680137518,1.64182456482668,3.10735211198245,2.0514388501555,9.53418555264266,5.30462787170348
"52","dunnigan",1880.93177980614,21,0,0,0,4.75,0,16.25,13,4.5,3.75,3.25,0,0,0,0,0,0.5,2.5,0,0,0,3.5,0,0,0,0,3.5,0,0.456711110394913,0,2.69444640303205,5.64100615455227,4.31028508613205,14.6236680137518,1.64182456482668,3.10735211198245,2.0514388501555,9.53418555264266,5.30462787170348
"53","dunnigan",1871.03593043578,22,0,0,0,6.25,0,18.5,11.25,4,6,4.25,0,0,0,0,0,1,1.75,0,0,0,2.75,0,0,0,0,3,0,0.474400791831227,0,1.95690769978753,4.07444821149587,3.25712872333227,10.2020275374838,0.958366030661703,2.73800530909261,17.9132612903114,8.83321896149654,5.43482206200993
"54","dunnigan",1861.1668310853,23,0,0,0,6.25,0,18.5,11.25,4,6,4.25,0,0,0,0,0,1,1.75,0,0,0,2.75,0,0,0,0,3,0,0.474400791831227,0,1.95690769978753,4.07444821149587,3.25712872333227,10.2020275374838,0.958366030661703,2.73800530909261,17.9132612903114,8.83321896149654,5.43482206200993
"55","dunnigan",1851.38879258603,24,0,0,0,7.5,0,21.25,10.5,5.5,1.75,4.25,0,0,0,0,0,0.75,1.25,0,0,0,2,0,0,0,0,3.25,0,0,0,2.03234078918834,2.94119562516091,2.61896076615684,11.8348932881509,0.881611705003521,2.96443566920892,15.4759460959116,12.0492269436792,9.10344055634316
"56","dunnigan",1841.68291617936,25,0,0,0,7.5,0,21.25,10.5,5.5,1.75,4.25,0,0,0,0,0,0.75,1.25,0,0,0,2,0,0,0,0,3.25,0,0,0,2.03234078918834,2.94119562516091,2.61896076615684,11.8348932881509,0.881611705003521,2.96443566920892,15.4759460959116,12.0492269436792,9.10344055634316
"57","dunnigan",1832.02715894799,26,0,0,0,7.5,0,21.25,10.5,5.5,1.75,4.25,0,0,0,0,0,0.75,1.25,0,0,0,2,0,0,0,0,3.25,0,0,0,2.03234078918834,2.94119562516091,2.61896076615684,11.8348932881509,0.881611705003521,2.96443566920892,15.4759460959116,12.0492269436792,9.10344055634316
"58","etwin",2020.53903562697,2,0,19.75,59.5,1.5,0.5,0,0,0,0,0,10.25,1.25,0,0.75,0.25,0,0,0,0.75,0.75,0.25,0,0,0.75,0.25,0,0,3.95160040284884,2.21260710827379,9.43186280466345,11.9687677775662,8.36299285925908,22.2456349177883,1.84558005584122,3.84932523224345,15.023655547165,41.2232293750471,25.2885041635842
"59","etwin",2020.4443440422,3,0,19.75,59.5,1.5,0.5,0,0,0,0,0,10.25,1.25,0,0.75,0.25,0,0,0,0.75,0.75,0.25,0,0,0.75,0.25,0,0,3.95160040284884,2.21260710827379,9.43186280466345,11.9687677775662,8.36299285925908,22.2456349177883,1.84558005584122,3.84932523224345,15.023655547165,41.2232293750471,25.2885041635842
"60","etwin",2020.25808010764,4,0,19.75,59.5,1.5,0.5,0,0,0,0,0,10.25,1.25,0,0.75,0.25,0,0,0,0.75,0.75,0.25,0,0,0.75,0.25,0,0,3.95160040284884,2.21260710827379,9.43186280466345,11.9687677775662,8.36299285925908,22.2456349177883,1.84558005584122,3.84932523224345,15.023655547165,41.2232293750471,25.2885041635842
"61","etwin",2019.98008545687,5,0,19.75,59.5,1.5,0.5,0,0,0,0,0,10.25,1.25,0,0.75,0.25,0,0,0,0.75,0.75,0.25,0,0,0.75,0.25,0,0,3.95160040284884,2.21260710827379,9.43186280466345,11.9687677775662,8.36299285925908,22.2456349177883,1.84558005584122,3.84932523224345,15.023655547165,41.2232293750471,25.2885041635842
"62","etwin",2019.61020172349,6,0,19.75,59.5,1.5,0.5,0,0,0,0,0,10.25,1.25,0,0.75,0.25,0,0,0,0.75,0.75,0.25,0,0,0.75,0.25,0,0,3.95160040284884,2.21260710827379,9.43186280466345,11.9687677775662,8.36299285925908,22.2456349177883,1.84558005584122,3.84932523224345,15.023655547165,41.2232293750471,25.2885041635842
"63","etwin",2019.14827054107,7,0,19.75,59.5,1.5,0.5,0,0,0,0,0,10.25,1.25,0,0.75,0.25,0,0,0,0.75,0.75,0.25,0,0,0.75,0.25,0,0,3.95160040284884,2.21260710827379,9.43186280466345,11.9687677775662,8.36299285925908,22.2456349177883,1.84558005584122,3.84932523224345,15.023655547165,41.2232293750471,25.2885041635842
"64","etwin",2018.59413354322,8,0,19.75,59.5,1.5,0.5,0,0,0,0,0,10.25,1.25,0,0.75,0.25,0,0,0,0.75,0.75,0.25,0,0,0.75,0.25,0,0,3.95160040284884,2.21260710827379,9.43186280466345,11.9687677775662,8.36299285925908,22.2456349177883,1.84558005584122,3.84932523224345,15.023655547165,41.2232293750471,25.2885041635842
"65","etwin",2017.9476323635,9,0,19.75,59.5,1.5,0.5,0,0,0,0,0,10.25,1.25,0,0.75,0.25,0,0,0,0.75,0.75,0.25,0,0,0.75,0.25,0,0,3.95160040284884,2.21260710827379,9.43186280466345,11.9687677775662,8.36299285925908,22.2456349177883,1.84558005584122,3.84932523224345,15.023655547165,41.2232293750471,25.2885041635842
"66","etwin",2017.20860863552,10,0,19.75,59.5,1.5,0.5,0,0,0,0,0,10.25,1.25,0,0.75,0.25,0,0,0,0.75,0.75,0.25,0,0,0.75,0.25,0,0,3.95160040284884,2.21260710827379,9.43186280466345,11.9687677775662,8.36299285925908,22.2456349177883,1.84558005584122,3.84932523224345,15.023655547165,41.2232293750471,25.2885041635842
"67","etwin",2016.37690399285,11,0,19.75,59.5,1.5,0.5,0,0,0,0,0,10.25,1.25,0,0.75,0.25,0,0,0,0.75,0.75,0.25,0,0,0.75,0.25,0,0,3.95160040284884,2.21260710827379,9.43186280466345,11.9687677775662,8.36299285925908,22.2456349177883,1.84558005584122,3.84932523224345,15.023655547165,41.2232293750471,25.2885041635842
"68","etwin",2015.45236006909,12,0,19.75,59.5,1.5,0.5,0,0,0,0,0,10.25,1.25,0,0.75,0.25,0,0,0,0.75,0.75,0.25,0,0,0.75,0.25,0,0,3.95160040284884,2.21260710827379,9.43186280466345,11.9687677775662,8.36299285925908,22.2456349177883,1.84558005584122,3.84932523224345,15.023655547165,41.2232293750471,25.2885041635842
"69","etwin",2014.43481849782,13,0,19.75,59.5,1.5,0.5,0,0,0,0,0,10.25,1.25,0,0.75,0.25,0,0,0,0.75,0.75,0.25,0,0,0.75,0.25,0,0,3.95160040284884,2.21260710827379,9.43186280466345,11.9687677775662,8.36299285925908,22.2456349177883,1.84558005584122,3.84932523224345,15.023655547165,41.2232293750471,25.2885041635842
"70","etwin",2013.32412091262,14,0,19.75,59.5,1.5,0.5,0,0,0,0,0,10.25,1.25,0,0.75,0.25,0,0,0,0.75,0.75,0.25,0,0,0.75,0.25,0,0,0,0,9.14620765792808,9.25792739116814,7.84583917136237,20.0770531655178,1.89164338092827,3.12927400936075,14.0110326025007,27.823978033289,14.7900400552639
"71","etwin",2012.12841986823,15,0,23.75,50,1.75,1.5,0,0,0,0,0,5.75,7.75,0,0.25,0.25,0,0.5,0,0.75,1.25,0.25,0,0.75,1.25,0,0,0,0,0,9.14620765792808,9.25792739116814,7.84583917136237,20.0770531655178,1.89164338092827,3.12927400936075,14.0110326025007,27.823978033289,14.7900400552639
"72","etwin",2010.85366832814,16,0,23.75,50,1.75,1.5,0,0,0,0,0,5.75,7.75,0,0.25,0.25,0,0.5,0,0.75,1.25,0.25,0,0.75,1.25,0,0,0,0,0,9.14620765792808,9.25792739116814,7.84583917136237,20.0770531655178,1.89164338092827,3.12927400936075,14.0110326025007,27.823978033289,14.7900400552639
"73","etwin",2009.49640853911,17,0,23.75,50,1.75,1.5,0,0,0,0,0,5.75,7.75,0,0.25,0.25,0,0.5,0,0.75,1.25,0.25,0,0.75,1.25,0,0,0,0,0,9.14620765792808,9.25792739116814,7.84583917136237,20.0770531655178,1.89164338092827,3.12927400936075,14.0110326025007,27.823978033289,14.7900400552639
"74","etwin",2008.05318274791,18,0,18.5,56.75,1.25,0.75,0,0,0,0,0,11.5,3.75,0,0.75,0,0,0,0,1,0.75,0,0,0.25,0.75,0,0,0,3.22728627762917,2.30898825687275,7.25447178634109,12.0309083775075,8.56145911095543,21.7806239069566,2.7995201448295,2.76284913329059,20.6825421948578,22.8779634072323,10.548675766078
"75","etwin",2006.52053320129,19,0,18.5,56.75,1.25,0.75,0,0,0,0,0,11.5,3.75,0,0.75,0,0,0,0,1,0.75,0,0,0.25,0.75,0,0,0,3.22728627762917,2.30898825687275,7.25447178634109,12.0309083775075,8.56145911095543,21.7806239069566,2.7995201448295,2.76284913329059,20.6825421948578,22.8779634072323,10.548675766078
"76","etwin",2004.895002146,20,0,18.5,56.75,1.25,0.75,0,0,0,0,0,11.5,3.75,0,0.75,0,0,0,0,1,0.75,0,0,0.25,0.75,0,0,0,3.22728627762917,2.30898825687275,7.25447178634109,12.0309083775075,8.56145911095543,21.7806239069566,2.7995201448295,2.76284913329059,20.6825421948578,22.8779634072323,10.548675766078
"77","etwin",2003.17313182882,21,0,17,51.5,1.5,1.5,0,0,0,0,0,6.25,12.75,0,0.25,0,0,0.25,0,1,2,0,0,0.5,1.25,0.5,0,0,3.22728627762917,2.30898825687275,7.25447178634109,12.0309083775075,8.56145911095543,21.7806239069566,2.7995201448295,2.76284913329059,20.6825421948578,22.8779634072323,10.548675766078
"78","etwin",2001.3514644965,22,0,17,51.5,1.5,1.5,0,0,0,0,0,6.25,12.75,0,0.25,0,0,0.25,0,1,2,0,0,0.5,1.25,0.5,0,0,0.454448861105579,0.696111389704766,11.8264778158486,6.19334388795144,7.96533152168722,18.4665234642569,3.41754760099608,3.34424565673801,15.8808355488821,32.0891723703055,18.0936018506224
"79","etwin",1999.42654239581,23,0,17,51.5,1.5,1.5,0,0,0,0,0,6.25,12.75,0,0.25,0,0,0.25,0,1,2,0,0,0.5,1.25,0.5,0,0,0.454448861105579,0.696111389704766,11.8264778158486,6.19334388795144,7.96533152168722,18.4665234642569,3.41754760099608,3.34424565673801,15.8808355488821,32.0891723703055,18.0936018506224
"80","etwin",1997.39490777349,24,0,22.5,47.5,0.25,0.75,0,0,0,0,0,8,11.75,0,0,0.5,0,0.5,0,1.25,2,0.25,0,0,1,0.25,0,0,37133.8932712338,0.887887909101365,11.7264604490149,9.01892455786739,11.3077963261013,24.6476783035399,3.0809658236944,3.84090950399374,18.6894248236316,41.1319254602771,23.4166876821627
"81","etwin",1995.25310287631,25,0,22.5,47.5,0.25,0.75,0,0,0,0,0,8,11.75,0,0,0.5,0,0.5,0,1.25,2,0.25,0,0,1,0.25,0,0,37133.8932712338,0.887887909101365,11.7264604490149,9.01892455786739,11.3077963261013,24.6476783035399,3.0809658236944,3.84090950399374,18.6894248236316,41.1319254602771,23.4166876821627
"82","etwin",1992.99766995103,26,0,29,39.75,0.75,3.25,0,0,0,0,0,3.75,15.5,0,0.5,0,0,0.25,0,1,2.5,0,0,0.25,1.25,0,0,0,0,0,12.2207377031733,7.61374241812486,10.4591906586776,22.7582076116495,2.6540463604238,3.87615079845786,33.6607394993162,44.4233802385011,19.2810607849411
"83","etwin",1990.63068016138,27,0,29,39.75,0.75,3.25,0,0,0,0,0,3.75,15.5,0,0.5,0,0,0.25,0,1,2.5,0,0,0.25,1.25,0,0,0,0,0,12.2207377031733,7.61374241812486,10.4591906586776,22.7582076116495,2.6540463604238,3.87615079845786,33.6607394993162,44.4233802385011,19.2810607849411
"84","etwin",1988.15618878115,28,0,22.5,37,0.25,3,0,0,0,0,0,3.25,22.5,0,0.5,0.25,0,0,0,0.75,3.25,0,0,0,1.25,0.25,0,0,0.664087980027111,0,12.1822006136361,10.2899709258913,10.45822634954,26.3247204278489,2.94875612959894,4.56456068165582,46.2573483646289,66.3734097203863,26.4949572391526
"85","etwin",1985.5737142222,29,0,22.5,37,0.25,3,0,0,0,0,0,3.25,22.5,0,0.5,0.25,0,0,0,0.75,3.25,0,0,0,1.25,0.25,0,0,0.664087980027111,0,12.1822006136361,10.2899709258913,10.45822634954,26.3247204278489,2.94875612959894,4.56456068165582,46.2573483646289,66.3734097203863,26.4949572391526
"86","etwin",1982.88277489639,30,0,21,41,0,3.5,0,0,0,0,0,0,25.25,0,0.5,0.25,0,0.5,0,1.25,1.5,0.25,0,0.75,1.25,0,0,0,0.899036236583927,0.550984329514424,5.83895090064343,7.95073763949125,8.01406713546426,21.0681840621681,2.3080366602922,2.83346231689109,19.2338805807345,25.8772570456821,10.1429612264266
"87","etwin",1980.08288921558,31,0,21,41,0,3.5,0,0,0,0,0,0,25.25,0,0.5,0.25,0,0.5,0,1.25,1.5,0.25,0,0.75,1.25,0,0,0,0.899036236583927,0.550984329514424,5.83895090064343,7.95073763949125,8.01406713546426,21.0681840621681,2.3080366602922,2.83346231689109,19.2338805807345,25.8772570456821,10.1429612264266
"88","etwin",1977.17357559163,32,0,41.75,25,0,6,0,0,0,0,0,0,16.75,0,0.5,0,0,0.25,0,1,2,0,0,0.75,1.25,0,0,0,0,0,9.84056881121078,8.57215008744445,8.00968588412014,20.3403545742979,2.26612224284535,4.52056136344291,13.1556830706354,17.934067796006,6.20278282253169
"89","etwin",1974.1543524364,33,0,41.75,25,0,6,0,0,0,0,0,0,16.75,0,0.5,0,0,0.25,0,1,2,0,0,0.75,1.25,0,0,0,0,0,9.84056881121078,8.57215008744445,8.00968588412014,20.3403545742979,2.26612224284535,4.52056136344291,13.1556830706354,17.934067796006,6.20278282253169
"90","etwin",1971.02473816175,34,0,37,31.75,0,3.75,0,0,0,0,0,1,17.25,0,0.75,0,0,0.5,0,0.5,2,0,0,0,0.75,0,0,0,0,0,11.6159288438409,8.73880117775617,10.3479261132369,24.267135724176,2.68958618492177,4.28777345501544,20.2810232894038,44.3964183392647,22.5900496583439
"91","etwin",1967.78425117954,35,0,37,31.75,0,3.75,0,0,0,0,0,1,17.25,0,0.75,0,0,0.5,0,0.5,2,0,0,0,0.75,0,0,0,0,0,11.6159288438409,8.73880117775617,10.3479261132369,24.267135724176,2.68958618492177,4.28777345501544,20.2810232894038,44.3964183392647,22.5900496583439
"92","etwin",1964.33707034259,36,0,37,31.75,0,3.75,0,0,0,0,0,1,17.25,0,0.75,0,0,0.5,0,0.5,2,0,0,0,0.75,0,0,0,0,0,11.6159288438409,8.73880117775617,10.3479261132369,24.267135724176,2.68958618492177,4.28777345501544,20.2810232894038,44.3964183392647,22.5900496583439
"93","etwin",1960.63876032325,37,0,23.75,33,0.25,6.75,0,0,0,0,0,0.25,24.75,0,0.75,0,0,0,0,0.75,1.75,0.75,0,0.75,1.25,0,0,0,0,0,11.6159288438409,8.73880117775617,10.3479261132369,24.267135724176,2.68958618492177,4.28777345501544,20.2810232894038,44.3964183392647,22.5900496583439
"94","etwin",1956.76591826269,38,0,23.75,33,0.25,6.75,0,0,0,0,0,0.25,24.75,0,0.75,0,0,0,0,0.75,1.75,0.75,0,0.75,1.25,0,0,0,0,0,8.96958522947441,8.74335504654518,8.95209956801918,24.0593353046379,2.77286952007298,4.82733110678589,22.8308112725831,31.8869832832169,13.6549488777904
"95","etwin",1952.79514130207,39,0,23.75,33,0.25,6.75,0,0,0,0,0,0.25,24.75,0,0.75,0,0,0,0,0.75,1.75,0.75,0,0.75,1.25,0,0,0,0,0,8.96958522947441,8.74335504654518,8.95209956801918,24.0593353046379,2.77286952007298,4.82733110678589,22.8308112725831,31.8869832832169,13.6549488777904
"96","etwin",1948.80302658254,40,0,23.75,33,0.25,6.75,0,0,0,0,0,0.25,24.75,0,0.75,0,0,0,0,0.75,1.75,0.75,0,0.75,1.25,0,0,0,0,0,8.96958522947441,8.74335504654518,8.95209956801918,24.0593353046379,2.77286952007298,4.82733110678589,22.8308112725831,31.8869832832169,13.6549488777904
"97","etwin",1944.86617124527,41,0,23.75,33,0.25,6.75,0,0,0,0,0,0.25,24.75,0,0.75,0,0,0,0,0.75,1.75,0.75,0,0.75,1.25,0,0,0,0,0,8.96958522947441,8.74335504654518,8.95209956801918,24.0593353046379,2.77286952007298,4.82733110678589,22.8308112725831,31.8869832832169,13.6549488777904
"98","etwin",1940.91740327153,42,0,42.5,13.25,0.5,6.25,0,0,0,0,0,0,25.5,0,0.75,0,0,0.5,0,1.25,2,0,0,0.25,1,0,0,0,0,0,7.38600497360688,8.14875833637261,7.87641477375946,20.5102224118047,2.50680657665726,3.47154363714557,18.7680191496342,35.6835706338031,20.8656089196019
"99","etwin",1936.84916404855,43,0,42.5,13.25,0.5,6.25,0,0,0,0,0,0,25.5,0,0.75,0,0,0.5,0,1.25,2,0,0,0.25,1,0,0,0,0,0,7.38600497360688,8.14875833637261,7.87641477375946,20.5102224118047,2.50680657665726,3.47154363714557,18.7680191496342,35.6835706338031,20.8656089196019
"100","etwin",1932.67747082648,44,0,42.5,13.25,0.5,6.25,0,0,0,0,0,0,25.5,0,0.75,0,0,0.5,0,1.25,2,0,0,0.25,1,0,0,0,0,0,7.38600497360688,8.14875833637261,7.87641477375946,20.5102224118047,2.50680657665726,3.47154363714557,18.7680191496342,35.6835706338031,20.8656089196019
"101","etwin",1928.41834085546,45,0,42.5,13.25,0.5,6.25,0,0,0,0,0,0,25.5,0,0.75,0,0,0.5,0,1.25,2,0,0,0.25,1,0,0,0,0,0,7.38600497360688,8.14875833637261,7.87641477375946,20.5102224118047,2.50680657665726,3.47154363714557,18.7680191496342,35.6835706338031,20.8656089196019
"102","etwin",1924.08779138563,46,0,42.5,13.25,0.5,6.25,0,0,0,0,0,0,25.5,0,0.75,0,0,0.5,0,1.25,2,0,0,0.25,1,0,0,0,0,0,10.607948310681,6.29414133925903,7.29303447730277,16.4034155993549,1.99362010139786,2.31718937452801,12.6305775584409,15.5904011905597,6.8673944932361
"103","etwin",1919.70183966713,47,0,52,10.5,0,4,0,0,0,0,0,0.25,22.75,0,0.75,0,0,0,0,0.75,2.25,0.25,0,0.75,1,0,0,0,0,0,10.607948310681,6.29414133925903,7.29303447730277,16.4034155993549,1.99362010139786,2.31718937452801,12.6305775584409,15.5904011905597,6.8673944932361
"104","etwin",1915.2765029501,48,0,52,10.5,0,4,0,0,0,0,0,0.25,22.75,0,0.75,0,0,0,0,0.75,2.25,0.25,0,0.75,1,0,0,0,0,0,10.607948310681,6.29414133925903,7.29303447730277,16.4034155993549,1.99362010139786,2.31718937452801,12.6305775584409,15.5904011905597,6.8673944932361
"105","etwin",1910.82779848469,49,0,52,10.5,0,4,0,0,0,0,0,0.25,22.75,0,0.75,0,0,0,0,0.75,2.25,0.25,0,0.75,1,0,0,0,0,0,10.607948310681,6.29414133925903,7.29303447730277,16.4034155993549,1.99362010139786,2.31718937452801,12.6305775584409,15.5904011905597,6.8673944932361
"106","etwin",1906.37174352103,50,0,52,10.5,0,4,0,0,0,0,0,0.25,22.75,0,0.75,0,0,0,0,0.75,2.25,0.25,0,0.75,1,0,0,0,0,0,10.607948310681,6.29414133925903,7.29303447730277,16.4034155993549,1.99362010139786,2.31718937452801,12.6305775584409,15.5904011905597,6.8673944932361
"107","etwin",1901.89495506198,51,0,53,5.25,0,3.75,0,0,0,0,0,0.25,23.5,0,0.25,0.25,0,0.25,0,1.5,1.5,1.25,0,0.5,0.75,0.25,0,0,0,0,10.607948310681,6.29414133925903,7.29303447730277,16.4034155993549,1.99362010139786,2.31718937452801,12.6305775584409,15.5904011905597,6.8673944932361
"108","etwin",1897.37166518548,52,0,53,5.25,0,3.75,0,0,0,0,0,0.25,23.5,0,0.25,0.25,0,0.25,0,1.5,1.5,1.25,0,0.5,0.75,0.25,0,0,0,0,6.15579633691561,8.49418592993178,7.53928743511363,18.2479125280528,2.3318049175894,3.3818945975827,13.2339634201697,26.7319598318045,16.2577397394946
"109","etwin",1892.79931375432,53,0,53,5.25,0,3.75,0,0,0,0,0,0.25,23.5,0,0.25,0.25,0,0.25,0,1.5,1.5,1.25,0,0.5,0.75,0.25,0,0,0,0,6.15579633691561,8.49418592993178,7.53928743511363,18.2479125280528,2.3318049175894,3.3818945975827,13.2339634201697,26.7319598318045,16.2577397394946
"110","etwin",1888.17534063127,54,0,53,5.25,0,3.75,0,0,0,0,0,0.25,23.5,0,0.25,0.25,0,0.25,0,1.5,1.5,1.25,0,0.5,0.75,0.25,0,0,0,0,6.15579633691561,8.49418592993178,7.53928743511363,18.2479125280528,2.3318049175894,3.3818945975827,13.2339634201697,26.7319598318045,16.2577397394946
"111","etwin",1883.49718567912,55,0,51,7.75,0,4.25,0,0,0,0,0,0,25.75,0,0.75,0.25,0,0.5,0,1,2,0.75,0,0.5,1,0,0,0,0,0,6.15579633691561,8.49418592993178,7.53928743511363,18.2479125280528,2.3318049175894,3.3818945975827,13.2339634201697,26.7319598318045,16.2577397394946
"112","etwin",1878.76228876064,56,0,51,7.75,0,4.25,0,0,0,0,0,0,25.75,0,0.75,0.25,0,0.5,0,1,2,0.75,0,0.5,1,0,0,0,0,0,7.59170605997989,10.3855764924235,7.50094130196893,21.0708614619466,2.53448316568239,2.95248681503346,19.9632092133394,22.8718480491009,8.55501903221198
"113","etwin",1873.96808973862,57,0,51,7.75,0,4.25,0,0,0,0,0,0,25.75,0,0.75,0.25,0,0.5,0,1,2,0.75,0,0.5,1,0,0,0,0,0,7.59170605997989,10.3855764924235,7.50094130196893,21.0708614619466,2.53448316568239,2.95248681503346,19.9632092133394,22.8718480491009,8.55501903221198
"114","etwin",1869.11202847583,58,0,51,7.75,0,4.25,0,0,0,0,0,0,25.75,0,0.75,0.25,0,0.5,0,1,2,0.75,0,0.5,1,0,0,0,0,0,7.59170605997989,10.3855764924235,7.50094130196893,21.0708614619466,2.53448316568239,2.95248681503346,19.9632092133394,22.8718480491009,8.55501903221198
"115","etwin",1864.19154483507,59,0,51,7.75,0,4.25,0,0,0,0,0,0,25.75,0,0.75,0.25,0,0.5,0,1,2,0.75,0,0.5,1,0,0,0,0,0,7.59170605997989,10.3855764924235,7.50094130196893,21.0708614619466,2.53448316568239,2.95248681503346,19.9632092133394,22.8718480491009,8.55501903221198
"116","etwin",1859.2040786791,60,0,51,7.75,0,4.25,0,0,0,0,0,0,25.75,0,0.75,0.25,0,0.5,0,1,2,0.75,0,0.5,1,0,0,0,0,0,7.59170605997989,10.3855764924235,7.50094130196893,21.0708614619466,2.53448316568239,2.95248681503346,19.9632092133394,22.8718480491009,8.55501903221198
"117","etwin",1854.14706987072,61,0,51,7.75,0,4.25,0,0,0,0,0,0,25.75,0,0.75,0.25,0,0.5,0,1,2,0.75,0,0.5,1,0,0,0,0,0,7.59170605997989,10.3855764924235,7.50094130196893,21.0708614619466,2.53448316568239,2.95248681503346,19.9632092133394,22.8718480491009,8.55501903221198
"118","etwin",1849.02840641311,62,0,51,7.75,0,4.25,0,0,0,0,0,0,25.75,0,0.75,0.25,0,0.5,0,1,2,0.75,0,0.5,1,0,0,0,0,0,7.59170605997989,10.3855764924235,7.50094130196893,21.0708614619466,2.53448316568239,2.95248681503346,19.9632092133394,22.8718480491009,8.55501903221198
"119","etwin",1843.85568756907,63,0,51,7.75,0,4.25,0,0,0,0,0,0,25.75,0,0.75,0.25,0,0.5,0,1,2,0.75,0,0.5,1,0,0,0,0,0,7.59170605997989,10.3855764924235,7.50094130196893,21.0708614619466,2.53448316568239,2.95248681503346,19.9632092133394,22.8718480491009,8.55501903221198
"120","etwin",1838.62592009076,64,0,51,7.75,0,4.25,0,0,0,0,0,0,25.75,0,0.75,0.25,0,0.5,0,1,2,0.75,0,0.5,1,0,0,0,0,0,7.59170605997989,10.3855764924235,7.50094130196893,21.0708614619466,2.53448316568239,2.95248681503346,19.9632092133394,22.8718480491009,8.55501903221198
"121","etwin",1833.33611073037,65,0,51,7.75,0,4.25,0,0,0,0,0,0,25.75,0,0.75,0.25,0,0.5,0,1,2,0.75,0,0.5,1,0,0,0,0,0,7.59170605997989,10.3855764924235,7.50094130196893,21.0708614619466,2.53448316568239,2.95248681503346,19.9632092133394,22.8718480491009,8.55501903221198
"122","etwin",1827.98326624005,66,0,51,7.75,0,4.25,0,0,0,0,0,0,25.75,0,0.75,0.25,0,0.5,0,1,2,0.75,0,0.5,1,0,0,0,0,0,7.59170605997989,10.3855764924235,7.50094130196893,21.0708614619466,2.53448316568239,2.95248681503346,19.9632092133394,22.8718480491009,8.55501903221198
"123","etwin",1822.564393372,67,0,51,7.75,0,4.25,0,0,0,0,0,0,25.75,0,0.75,0.25,0,0.5,0,1,2,0.75,0,0.5,1,0,0,0,0,0,7.59170605997989,10.3855764924235,7.50094130196893,21.0708614619466,2.53448316568239,2.95248681503346,19.9632092133394,22.8718480491009,8.55501903221198
"124","etwin",1817.07649887837,68,0,51,7.75,0,4.25,0,0,0,0,0,0,25.75,0,0.75,0.25,0,0.5,0,1,2,0.75,0,0.5,1,0,0,0,0,0,7.59170605997989,10.3855764924235,7.50094130196893,21.0708614619466,2.53448316568239,2.95248681503346,19.9632092133394,22.8718480491009,8.55501903221198
"125","etwin",1811.51726219863,69,0,51,7.75,0,4.25,0,0,0,0,0,0,25.75,0,0.75,0.25,0,0.5,0,1,2,0.75,0,0.5,1,0,0,0,0,0,7.59170605997989,10.3855764924235,7.50094130196893,21.0708614619466,2.53448316568239,2.95248681503346,19.9632092133394,22.8718480491009,8.55501903221198
"126","etwin",1805.8892958735,70,0,51,7.75,0,4.25,0,0,0,0,0,0,25.75,0,0.75,0.25,0,0.5,0,1,2,0.75,0,0.5,1,0,0,0,0,0,7.59170605997989,10.3855764924235,7.50094130196893,21.0708614619466,2.53448316568239,2.95248681503346,19.9632092133394,22.8718480491009,8.55501903221198
"127","etwin",1800.19700630706,71,0,51,7.75,0,4.25,0,0,0,0,0,0,25.75,0,0.75,0.25,0,0.5,0,1,2,0.75,0,0.5,1,0,0,0,0,0,7.59170605997989,10.3855764924235,7.50094130196893,21.0708614619466,2.53448316568239,2.95248681503346,19.9632092133394,22.8718480491009,8.55501903221198
"128","etwin",1794.4447999034,72,0,51,7.75,0,4.25,0,0,0,0,0,0,25.75,0,0.75,0.25,0,0.5,0,1,2,0.75,0,0.5,1,0,0,0,0,0,7.59170605997989,10.3855764924235,7.50094130196893,21.0708614619466,2.53448316568239,2.95248681503346,19.9632092133394,22.8718480491009,8.55501903221198
"129","elbow",2018.30048530253,2,14,12,4.25,5,1.25,0,0,0,0,0,7,0,7,11.75,5.25,1.25,4,0,1.5,2,2.25,0,0,0.75,0,0,0,0.2771704550194,0,7.70445864477726,10.029929048865,9.27726683608557,8.94092729702356,5.23934150057449,2.18607866601672,36.4337366118399,31.738512330397,9.04904118762926
"130","elbow",2015.61921617665,3,14,12,4.25,5,1.25,0,0,0,0,0,7,0,7,11.75,5.25,1.25,4,0,1.5,2,2.25,0,0,0.75,0,0,0,0,0,6.76285250837933,7.83579154786089,8.73800315309235,7.69287962762607,4.63459169516746,1.94355126628779,35.8162628356107,19.8642938719991,5.05096550395929
"131","elbow",2012.70722993108,4,4,21.25,4.5,0,0.25,0,0,0,0,0,12,1,9.75,9.75,6,6,4,0,1,0,0.5,0,0,0,0,0,0,0,0,9.88955273361087,8.90215013834157,10.0340331799157,8.48450038917403,5.75539148887759,2.2961384110202,29.9606431743881,31.7892249586131,0.749538904902692
"132","elbow",2009.57662964261,5,4,21.25,4.5,0,0.25,0,0,0,0,0,12,1,9.75,9.75,6,6,4,0,1,0,0.5,0,0,0,0,0,0,0,0,9.88955273361087,8.90215013834157,10.0340331799157,8.48450038917403,5.75539148887759,2.2961384110202,29.9606431743881,31.7892249586131,0.749538904902692
"133","elbow",2006.20709609546,6,4.5,28.25,18.5,0,0.75,0,0,0,0.25,0,2.75,0.25,10.5,16.25,1.5,7.75,4.25,0,0.5,0,0.25,0,0,0,0,0,0,0.943510068560986,0,4.5831679016154,7.70469533046519,8.39289081357117,7.47524750277445,5.43953358609596,1.72350737953533,42.098527093704,20.5540736408815,5.42467317354894
"134","elbow",2002.60276036795,7,4.5,28.25,18.5,0,0.75,0,0,0,0.25,0,2.75,0.25,10.5,16.25,1.5,7.75,4.25,0,0.5,0,0.25,0,0,0,0,0,0,0.943510068560986,0,4.5831679016154,7.70469533046519,8.39289081357117,7.47524750277445,5.43953358609596,1.72350737953533,42.098527093704,20.5540736408815,5.42467317354894
"135","elbow",1998.77142276648,8,2.75,24.25,24.5,0.25,0,0,0,0,0.5,0,0,0,14,15.75,1,7.75,4.75,0,1,0,0.75,0,0,0.75,0,0,0,0.64678826225685,0,6.80935831912975,7.0269238647131,8.89171955318375,7.75926625949098,3.96671439379152,2.33334166648572,33.3082366576793,20.9248023037547,4.47629876505989
"136","elbow",1994.6929699258,9,2.75,24.25,24.5,0.25,0,0,0,0,0.5,0,0,0,14,15.75,1,7.75,4.75,0,1,0,0.75,0,0,0.75,0,0,0,0.64678826225685,0,6.80935831912975,7.0269238647131,8.89171955318375,7.75926625949098,3.96671439379152,2.33334166648572,33.3082366576793,20.9248023037547,4.47629876505989
"137","elbow",1990.34728848064,10,1.75,22.75,27.75,0,0.25,0,0,0,0.25,0,0,0.75,13,17.75,1.25,7.25,1.75,0,1,0,0.5,0,0,0.5,0,0,0,0,0,5.86957224370074,6.2853261179902,8.52054340868399,7.46829761137542,4.2228102477496,1.74362549644022,36.682258395588,21.2081189052779,6.05047147926796
"138","elbow",1985.73854706634,11,1.75,22.75,27.75,0,0.25,0,0,0,0.25,0,0,0.75,13,17.75,1.25,7.25,1.75,0,1,0,0.5,0,0,0.5,0,0,0,0,0,5.86957224370074,6.2853261179902,8.52054340868399,7.46829761137542,4.2228102477496,1.74362549644022,36.682258395588,21.2081189052779,6.05047147926796
"139","elbow",1980.8800528962,12,2.5,26.75,25,0,0,0,0,0,0,0,0,1.5,14,13.5,1,8.5,2.75,0,0,0,1,0,0,0.5,0,0,0,0,0,7.39598634379384,3.60781274798409,7.1221445747647,6.46016270548134,2.48277212989855,1.75124426479004,41.8276583984125,17.9637347932901,3.8621181260368
"140","elbow",1975.76540047187,13,1.5,24,23,1.5,0.5,0,0,0,0.75,0,0,2.25,13.75,14.5,1.25,6.5,4,0,0.5,0,0.25,0,0,0,0,0,0,0,0,7.39598634379384,3.60781274798409,7.1221445747647,6.46016270548134,2.48277212989855,1.75124426479004,41.8276583984125,17.9637347932901,3.8621181260368
"141","elbow",1970.24258384513,14,1.5,24,23,1.5,0.5,0,0,0,0.75,0,0,2.25,13.75,14.5,1.25,6.5,4,0,0.5,0,0.25,0,0,0,0,0,0,0,0,7.20462886866488,8.63862607740865,12.9565709129925,10.9184476204691,4.71527040251304,1.89433197734898,30.6549508280271,25.2700625752289,9.37297438486606
"142","elbow",1964.31228902271,15,2.25,25.25,25.25,0.25,0.5,0,0,0,0.25,0,0,4,11.5,14.75,1.75,6.25,3.25,0,0.25,0,1.25,0,0,0,0,0,0,0,0,7.20462886866488,8.63862607740865,12.9565709129925,10.9184476204691,4.71527040251304,1.89433197734898,30.6549508280271,25.2700625752289,9.37297438486606
"143","elbow",1958.19714843872,16,2.25,25.25,25.25,0.25,0.5,0,0,0,0.25,0,0,4,11.5,14.75,1.75,6.25,3.25,0,0.25,0,1.25,0,0,0,0,0,0,0.891072320487769,0,7.73169134332124,8.33248730850417,13.8522447473086,10.8830373276969,4.14940267226628,1.75939760947343,33.2617420986794,27.0377954393463,4.82052098261026
"144","elbow",1952.11979452725,17,2,26,26,1,0.5,0,0,0,1.25,0,0.75,3.25,8,12,2,5.75,1,0,0,1,0,0,0,0,0,0,0,0.891072320487769,0,7.73169134332124,8.33248730850417,13.8522447473086,10.8830373276969,4.14940267226628,1.75939760947343,33.2617420986794,27.0377954393463,4.82052098261026
"145","elbow",1945.98673870973,18,1.5,32.75,23.25,0.5,0.75,0,0,0,1,0,0,4.75,10.75,11,2.75,4.5,3.5,0,0,0,0.25,0,0,0.25,0,0,0,1.02799999946324,0,6.65884011675707,9.53449843540327,15.4339998050773,11.5113885310826,5.34529525834534,1.64615710750513,37.4282336774649,22.4094622854089,6.82145752230877
"146","elbow",1939.68846599422,19,1.5,32.75,23.25,0.5,0.75,0,0,0,1,0,0,4.75,10.75,11,2.75,4.5,3.5,0,0,0,0.25,0,0,0.25,0,0,0,1.02799999946324,0,6.65884011675707,9.53449843540327,15.4339998050773,11.5113885310826,5.34529525834534,1.64615710750513,37.4282336774649,22.4094622854089,6.82145752230877
"147","elbow",1933.42356919473,20,0,38,17.5,1,0.5,0,0,0,0.75,0,0,7,8.25,7.75,1.5,5.75,5.25,0,0.75,0,0.25,0,0,0.75,0,0,0,0,0,6.66049386442447,7.83994042405009,15.1934062869796,10.8786444401614,4.28653455814145,1.86616165900419,33.3941437222096,32.9454376050161,7.80308208016748
"148","elbow",1927.38699983326,21,0,38,17.5,1,0.5,0,0,0,0.75,0,0,7,8.25,7.75,1.5,5.75,5.25,0,0.75,0,0.25,0,0,0.75,0,0,0,0,0,6.66049386442447,7.83994042405009,15.1934062869796,10.8786444401614,4.28653455814145,1.86616165900419,33.3941437222096,32.9454376050161,7.80308208016748
"149","elbow",1921.4706677731,22,0.25,43.25,17.5,0.25,0.75,0,0,0,1.25,0,0,6.75,5.25,9,1.75,3.25,2.25,0,1,0,0.25,0,0,1.25,0,0,0,0.227130473402241,0,6.06564786379766,7.09004930378155,15.5934858668065,11.0997431089439,4.30185805069417,1.39162523526403,39.8945587211252,35.1095342301791,8.02804715921195
"150","elbow",1915.41860334019,23,0.25,43.25,17.5,0.25,0.75,0,0,0,1.25,0,0,6.75,5.25,9,1.75,3.25,2.25,0,1,0,0.25,0,0,1.25,0,0,0,0.227130473402241,0,6.06564786379766,7.09004930378155,15.5934858668065,11.0997431089439,4.30185805069417,1.39162523526403,39.8945587211252,35.1095342301791,8.02804715921195
"151","elbow",1908.9748368605,24,0.75,51.75,13.75,1.75,0.5,0,0,0,0.25,0,0,5.5,7,6.5,2.25,0,3.75,0,0,0,0.25,0,0,0.5,0,0,0,0.5765810331937,0,8.71900179742449,8.37431487020885,19.802508987476,12.7027495056052,4.6090457959652,0.535866055758408,64.1433479825339,28.3792958103395,4.98220645469635
"152","elbow",1902.16323532889,25,0.75,51.75,13.75,1.75,0.5,0,0,0,0.25,0,0,5.5,7,6.5,2.25,0,3.75,0,0,0,0.25,0,0,0.5,0,0,0,0.5765810331937,0,8.71900179742449,8.37431487020885,19.802508987476,12.7027495056052,4.6090457959652,0.535866055758408,64.1433479825339,28.3792958103395,4.98220645469635
"153","elbow",1895.14744354127,26,0.75,51.75,13.75,1.75,0.5,0,0,0,0.25,0,0,5.5,7,6.5,2.25,0,3.75,0,0,0,0.25,0,0,0.5,0,0,0,0,0,9.33575769591757,10.736717126905,21.5457924543872,13.8670253978979,5.61223122749574,2.06511696281024,28.7524606074358,28.2903664452775,10.0003467574925
"154","elbow",1887.88115852515,27,0.75,51.75,13.75,1.75,0.5,0,0,0,0.25,0,0,5.5,7,6.5,2.25,0,3.75,0,0,0,0.25,0,0,0.5,0,0,0,0,0,9.33575769591757,10.736717126905,21.5457924543872,13.8670253978979,5.61223122749574,2.06511696281024,28.7524606074358,28.2903664452775,10.0003467574925
"155","elbow",1880.31807730804,28,0.75,51.75,13.75,1.75,0.5,0,0,0,0.25,0,0,5.5,7,6.5,2.25,0,3.75,0,0,0,0.25,0,0,0.5,0,0,0,0,0,9.33575769591757,10.736717126905,21.5457924543872,13.8670253978979,5.61223122749574,2.06511696281024,28.7524606074358,28.2903664452775,10.0003467574925
"156","elbow",1872.41189691744,29,1,39.75,10,2,0.5,0,0,0,0,0,0,8,5,7,3,1.25,0.75,0,1.25,1,0,1,0,2,0,0,0,0,0,9.33575769591757,10.736717126905,21.5457924543872,13.8670253978979,5.61223122749574,2.06511696281024,28.7524606074358,28.2903664452775,10.0003467574925
"157","elbow",1864.18012770037,30,1,39.75,10,2,0.5,0,0,0,0,0,0,8,5,7,3,1.25,0.75,0,1.25,1,0,1,0,2,0,0,0,1.29052763146354,0,5.76785430011861,10.6884723408347,21.3877098927264,14.3530994683362,5.52672472400101,2.1470821752709,6.83023323579435,28.9338912284802,7.77006509124698
"158","elbow",1855.66592183414,31,1,39.75,10,2,0.5,0,0,0,0,0,0,8,5,7,3,1.25,0.75,0,1.25,1,0,1,0,2,0,0,0,1.29052763146354,0,5.76785430011861,10.6884723408347,21.3877098927264,14.3530994683362,5.52672472400101,2.1470821752709,6.83023323579435,28.9338912284802,7.77006509124698
"159","elbow",1846.8614390917,32,0,48.5,12.25,2,0.25,0,0,0,1,0,0,8.75,4.25,7.5,4,2.5,2.75,0,0.5,0,0.25,0,0,0.75,0,0,0,0.870729869655023,0.935365018197939,7.93508853052428,9.61442654356013,21.2492257072587,15.2732956005783,5.44901564060969,2.10084283835657,16.6416834031661,24.4318182596049,8.13227280741843
"160","elbow",1837.75883924597,33,0,48.5,12.25,2,0.25,0,0,0,1,0,0,8.75,4.25,7.5,4,2.5,2.75,0,0.5,0,0.25,0,0,0.75,0,0,0,0.870729869655023,0.935365018197939,7.93508853052428,9.61442654356013,21.2492257072587,15.2732956005783,5.44901564060969,2.10084283835657,16.6416834031661,24.4318182596049,8.13227280741843
"161","elbow",1828.35028206991,34,0.25,52.5,13,1.25,0.75,0,0,0,0,0,0,7,4,6.75,2,0.5,3.25,0,1,0,0.25,0,0,1.5,0,0,0,0.80629130910567,0,6.93756625486151,10.3292972604174,25.2850875086029,16.7002119845401,5.7202697113014,2.34580823598109,45.7848121639786,33.4960474579609,8.39276918739136
"162","finger",2019.27979699042,2,6,11.5,15.25,4.75,2.25,0.25,0,0,0,0,0,1.25,4,0,2.5,0,0,5.25,7,6.5,4.25,1.75,0,0.75,0,0,0,0,2.035163078111,1.97659935239008,7.95947216414008,3.29345371398055,6.00128269036332,3.02163211369128,1.29309738221231,7.69880408184443,15.5554317640434,1.68755687774335
"163","finger",2016.75767741984,3,6,11.5,15.25,4.75,2.25,0.25,0,0,0,0,0,1.25,4,0,2.5,0,0,5.25,7,6.5,4.25,1.75,0,0.75,0,0,0,1.28881318229951,1.18408783060556,1.9008028423963,6.5237432956843,3.22692169948241,4.16332317343587,3.17097212022186,1.20978208700217,9.26509501589963,11.446463886634,0.732091072500374
"164","finger",2013.3719533628,4,6.75,10.25,11.75,3.25,3,0,0,0,0,0,0,1.75,5.75,0,4,0,0,6.5,5.75,7.75,5.25,2.5,0,1,0,0,0,1.13330764860046,1.02184769430711,1.79957847388588,5.68367052031952,2.78015939652222,3.50334879338872,3.04125424256638,1.11188665928979,8.09921573045601,8.84061282464812,0.405993803345377
"165","finger",2009.1013846114,5,6.75,10.25,11.75,3.25,3,0,0,0,0,0,0,1.75,5.75,0,4,0,0,6.5,5.75,7.75,5.25,2.5,0,1,0,0,0,0.644871827133042,0.560599494552155,1.55895739446766,3.44239741815853,1.59733489910839,2.28039754162902,1.6485736998297,0.673203639013132,5.56238704871661,5.11184968722145,0.419474012632766
"166","finger",2003.96060972579,6,3,12.25,18,6.25,0.5,0,0,0,0,0,0,3.5,7.25,0,3.5,0,0,5.75,6,7.5,4,3.25,0,0.75,0,0,0,0.808980670151007,0.833126375994704,1.62331114586406,4.89534320837837,2.58668265776136,3.41208984908328,2.63509177249377,0.854261358305497,6.52079385376235,6.12835776316189,0.319953401695696
"167","finger",1997.98931175807,7,3.5,15,14.5,4.5,0.5,0,0,0,0,0,0,3,6.75,0,3.75,0,0,6,6,6.25,5.75,3.75,0,1,0,0,0,0.644349492830806,0.620080687828037,1.28697275047319,3.91152107407041,1.91998627335714,2.47481299496881,1.99913791731056,0.626781806150419,6.12144030944295,5.90951760827201,0.411852624128382
"168","finger",1990.95384950059,8,3.5,15,14.5,4.5,0.5,0,0,0,0,0,0,3,6.75,0,3.75,0,0,6,6,6.25,5.75,3.75,0,1,0,0,0,0.482127969941056,0.354027619137532,2.16319397307081,3.12825561491899,1.59113123808548,2.07393967185348,1.94762187624674,0.776823832429373,7.37121732470992,6.04544520701894,0.632113741956227
"169","finger",1982.83982130321,9,2.25,13,16.75,5.25,1.5,0.25,0,0,0,0,0,2.25,3,0,3.5,0,0,5.75,9.25,5.5,8.25,5.5,0,0.25,0,0,0,0.565542096240513,0.597647540459994,1.70145550523739,3.9145800600877,2.13832377893095,2.89932869227171,2.74895453292413,1.34712354196247,8.67348393035421,6.9846360940987,0.217475572728248
"170","finger",1974.0157695542,10,2.25,13,16.75,5.25,1.5,0.25,0,0,0,0,0,2.25,3,0,3.5,0,0,5.75,9.25,5.5,8.25,5.5,0,0.25,0,0,0,0.383703872858463,0.720295972686227,1.43526947050981,3.46445919555599,1.9481870964619,2.78498262041653,1.14586888407531,0.844703009460724,6.8801038113887,6.7533733106815,0.441419716030193
"171","finger",1964.85023664187,11,4.25,15.25,17,5,0.5,0,0,0,0,0,0,2.75,4.25,0,2.75,0,0,6.5,6.5,5.75,4.25,3.25,0,0.25,0,0,0,0.383703872858463,0.720295972686227,1.43526947050981,3.46445919555599,1.9481870964619,2.78498262041653,1.14586888407531,0.844703009460724,6.8801038113887,6.7533733106815,0.441419716030193
"172","finger",1954.99299152467,12,0.75,12.25,15.75,5.5,2.75,0.25,0,0,0,0,0,4.25,5.25,0,3.25,0,0,5.25,7.25,7.25,6,2.25,0,0.25,0,0,0,0.246361271075482,0.432381538310206,2.04162852944318,3.59541593362663,2.63582809346065,3.49378522592257,2.63662507574331,1.2794692859046,1.66390676134924,5.92944675267992,0.457546789153423
"173","finger",1944.89455036725,13,3.75,12.75,17,3.75,2.5,0.25,0,0,0,0,0,2.5,4.25,0,4,0,0,5,4.25,6.25,5.75,1.75,0,1,0,0,0,0.246361271075482,0.432381538310206,2.04162852944318,3.59541593362663,2.63582809346065,3.49378522592257,2.63662507574331,1.2794692859046,1.66390676134924,5.92944675267992,0.457546789153423
"174","finger",1935.09150345991,14,2,15.25,18,4.25,2,0.25,0,0,0,0,0,1.5,5.75,0,2.75,0,0,6.25,6,9,5.25,2.25,0,0.5,0,0,0.179231487321931,0.0469637867946877,0.54117874402052,1.19066561864714,2.75356077720211,1.98590927266061,2.64745511650729,2.19871150572798,0.706020232949262,6.15081835058946,6.54721912333224,0.278384420723322
"175","finger",1925.33483570131,15,2.5,14.25,17,4.5,0.5,0.25,0,0,0,0,0,1.5,7.75,0,2.5,0,0,2.75,7,7.5,5.75,1.75,0,0.75,0,0,0.179231487321931,0.0469637867946877,0.54117874402052,1.19066561864714,2.75356077720211,1.98590927266061,2.64745511650729,2.19871150572798,0.706020232949262,6.15081835058946,6.54721912333224,0.278384420723322
"176","finger",1915.96266664365,16,3,12.75,18,4.25,2,0.25,0,0,0,0,0,3,8,0,0.75,0,0,4.75,7.5,7,6,3,0,0.25,0,0,0.240496780874973,0.0544023469428082,0.676587384791665,1.3891479020067,3.27561520587967,2.842331284848,3.79128275595175,2.64151071152394,1.12661796629824,8.84022086567597,6.98335927828471,0.536833598113373
"177","finger",1906.49877057153,17,1.75,14.75,20.25,3.75,0.75,0.25,0,0,0,0,0,3.5,8.75,0,1.75,0,0,4.25,5.5,9,5,2.75,0,0.25,0,0,0.240496780874973,0.0544023469428082,0.676587384791665,1.3891479020067,3.27561520587967,2.842331284848,3.79128275595175,2.64151071152394,1.12661796629824,8.84022086567597,6.98335927828471,0.536833598113373
"178","finger",1896.67008781538,18,1.75,15.75,17,4.5,0.5,0,0,0,0,0,0,3,8.5,0,2.5,0,0,3.25,7.75,8,6.25,2.5,0,0.5,0,0,0,0.278841137501672,0.656048508109989,1.22727192401723,2.9701889834207,2.74311365844639,3.40482527709923,1.58095242905897,0.868089138329909,5.62414866230171,4.73203808997812,0.372119735031106
"179","finger",1886.6961619118,19,1.75,15.75,17,4.5,0.5,0,0,0,0,0,0,3,8.5,0,2.5,0,0,3.25,7.75,8,6.25,2.5,0,0.5,0,0,0,0.278841137501672,0.656048508109989,1.22727192401723,2.9701889834207,2.74311365844639,3.40482527709923,1.58095242905897,0.868089138329909,5.62414866230171,4.73203808997812,0.372119735031106
"180","finger",1876.48563487879,20,4,16,17.5,5.5,1.75,0,0,0,0,0,0,3.25,6,0,1.5,0,0,3.75,6.5,6.75,5.75,2.75,0,0.25,0,0,0,0,0.44977615347554,1.6014748553597,3.21585587238158,2.91117561801759,3.78418272377316,2.01161768617206,1.17141564072106,5.90614497569588,5.44513934582532,0.599669713530643
"181","finger",1866.00111491675,21,3,16.25,18.25,5.5,1,0.25,0,0,0,0,0,2.5,7,0,1.25,0,0,3.25,7.25,8.75,4.75,2.25,0,0.75,0,0,0,0,0.44977615347554,1.6014748553597,3.21585587238158,2.91117561801759,3.78418272377316,2.01161768617206,1.17141564072106,5.90614497569588,5.44513934582532,0.599669713530643
"182","finger",1855.27850884305,22,3,16.25,18.25,5.5,1,0.25,0,0,0,0,0,2.5,7,0,1.25,0,0,3.25,7.25,8.75,4.75,2.25,0,0.75,0,0,0,1.06127617994514,2.68410740662733,1.14737634867486,4.43669708727367,3.53283497313527,3.95070423032966,2.43098229496752,0.823726982170532,5.80874333310607,3.49826743924251,0.27461238676394
"183","flame",2014.67623246975,2,27.25,37.25,4.75,14.75,1,0,0,0,0,0.25,0,0.25,0.25,0,0.25,0.25,0.5,0,0.25,0,0.25,0.25,1,0.75,0,0,0,2.24547759633429,1.28260017565214,3.61726092941649,15.8689161639385,11.9718401798414,13.2432197518711,3.62365340833139,1.88206228091659,31.2777350219062,32.8409141566363,10.8975363421706
"184","flame",2009.17601095002,3,29,35.5,4.25,16.5,0.75,0,0,0,0.25,0.25,0,0,0,0,0,0.25,0.5,0,0.25,0,0,0.25,1,0.75,0,0,2.1304659701352,0.879824854731211,0,7.07714087740409,28.8441798443852,18.6859441503453,20.4412640499144,6.38213616568827,1.99263697177934,35.2100332005637,50.132989174764,14.9226920820202
"185","flame",2003.45238186984,4,25.25,34.75,3,25,0.25,0,0,0,0.25,0.25,0,0,0.25,0,0,0,0.5,0,0,0,0.25,0.5,1,0.75,0,0,1.23500216013625,3.89589371011494,0,7.5562661924969,27.8108028348911,18.7709004185303,19.966704770783,5.78435335977783,2.78799111891453,33.4882593142259,43.060347982947,12.6617898069562
"186","flame",1997.49370167473,5,15.75,38.75,4,25.75,1.75,0,0,0,0,0.25,0,0.5,0,0,0,0.25,0.5,0,0,0,0.25,0,1.5,0.25,0,0,0,4.80775797497706,0,6.2343701346591,29.7113991971456,21.5162163516954,22.901114005603,7.34858486199163,3.49366937413758,57.8592901089096,56.5931940848614,16.7640957831199
"187","flame",1991.31043479879,6,15.75,38.75,4,25.75,1.75,0,0,0,0,0.25,0,0.5,0,0,0,0.25,0.5,0,0,0,0.25,0,1.5,0.25,0,0,0,4.34196062464295,0,3.98471753740835,27.0089842821484,19.7391748765023,21.7008192127548,6.05396301796081,2.66763373152276,32.2627942529707,47.2025532400159,4.15028905326179
"188","flame",1984.90294945096,7,17.75,38.5,2.25,24.25,0.25,0,0,0,0,0.25,0,0,0,0.75,0,0,0.5,0,0.25,0,0.25,0,4,0.5,0,0,0,8.43050571895911,0,7.81281932763506,24.1453003201393,20.0093356916492,21.740731237642,5.88124583109752,2.56805007391007,40.1225918113859,62.704408176992,0
"189","flame",1978.25084530179,8,17.75,38.5,2.25,24.25,0.25,0,0,0,0,0.25,0,0,0,0.75,0,0,0.5,0,0.25,0,0.25,0,4,0.5,0,0,0,3.07636913699571,0,4.48514568828924,22.6780424113671,16.0229037830972,17.5576805965641,5.25384109039675,2.37167611647334,34.3732396340333,36.376254634385,11.9497161646719
"190","flame",1971.33372202181,9,14,33.75,4,22,3.75,0,0,0,0.25,0,0,0,0,7.5,0,0,1.75,0,0,0,0.25,0.5,3.75,0.75,0,0,0,3.07636913699571,0,4.48514568828924,22.6780424113671,16.0229037830972,17.5576805965641,5.25384109039675,2.37167611647334,34.3732396340333,36.376254634385,11.9497161646719
"191","flame",1964.21855409034,10,18.75,36.5,5.25,14.75,2,0,0,0,0,0,0,0.5,0.25,9.5,0.25,0.25,0,0,0.25,0,0,0,2.75,0.25,0,0,1.41642798181731,3.16555467276194,0,8.88162160984612,28.7090596754524,22.3392329751812,23.0328445043445,7.03563931470207,3.0363692727712,34.4647272311839,53.0442356413862,2.65878768486911
"192","flame",1956.85981924735,11,13.25,32.25,4,21.25,2,0,0,0,0.25,0.25,0,0.5,0,10.5,0,0,1.75,0,0,0,0.25,0.25,4.5,0.75,0.25,0,1.41642798181731,3.16555467276194,0,8.88162160984612,28.7090596754524,22.3392329751812,23.0328445043445,7.03563931470207,3.0363692727712,34.4647272311839,53.0442356413862,2.65878768486911
"193","flame",1949.36459010076,12,13.25,32.25,4,21.25,2,0,0,0,0.25,0.25,0,0.5,0,10.5,0,0,1.75,0,0,0,0.25,0.25,4.5,0.75,0.25,0,1.78575423052839,5.59373718040566,0,8.80565645562193,25.2703812011741,20.0786959387545,20.3298622892855,7.23241882529148,6.28384556384815,53.2625043411859,58.1886147579067,17.3476759651857
"194","flame",1941.47256264298,13,15.25,36.25,2.25,4.25,4.25,0,0,0,0.25,0.25,0,0,0,20.25,0,0.25,1.25,0,0,0,0,0.25,4,1.25,0,0,1.78575423052839,5.59373718040566,0,8.80565645562193,25.2703812011741,20.0786959387545,20.3298622892855,7.23241882529148,6.28384556384815,53.2625043411859,58.1886147579067,17.3476759651857
"195","flame",1933.19069394611,14,15.25,36.25,2.25,4.25,4.25,0,0,0,0.25,0.25,0,0,0,20.25,0,0.25,1.25,0,0,0,0,0.25,4,1.25,0,0,0,1.92661909366338,0,7.97016908333442,28.8777994646814,22.0614549474641,21.8285799669117,5.99035582523938,2.66624941572054,28.6431097716323,45.7626873885569,2.80943432966122
"196","flame",1924.29436940294,15,9.5,34.25,4.75,9.5,5.25,0,0,0,0.25,0.25,0,0.5,0,20.25,0,0.25,1.75,0,0,0,0,0.25,4.75,1,0.5,0,0,1.92661909366338,0,7.97016908333442,28.8777994646814,22.0614549474641,21.8285799669117,5.99035582523938,2.66624941572054,28.6431097716323,45.7626873885569,2.80943432966122
"197","flame",1914.94977199159,16,7.75,37,3,10.5,3.5,0,0,0,0.25,0.25,0,0.25,0.25,22,0.25,0.25,1.75,0,0,0,0,0.5,1,1.25,0,0,0,4.01980872668216,0,4.7094525997314,18.4787384512088,16.0409319020901,14.9667598940531,5.47578410035125,2.26081894060652,23.9162845828223,30.1739707101797,8.2301134685121
"198","flame",1904.72633417749,17,7.75,37,3,10.5,3.5,0,0,0,0.25,0.25,0,0.25,0.25,22,0.25,0.25,1.75,0,0,0,0,0.5,1,1.25,0,0,0,4.01980872668216,0,4.7094525997314,18.4787384512088,16.0409319020901,14.9667598940531,5.47578410035125,2.26081894060652,23.9162845828223,30.1739707101797,8.2301134685121
"199","flame",1894.20058731494,18,3.75,36,2.25,7,9,0,0,0,0,0.25,0,0.5,0,23.25,0,0.25,0,0,0,0,0.25,0,5.5,1.5,0.25,0,0.453733920781601,1.45021494585442,0,4.90987606835159,16.8509025175598,15.8940894672468,14.3281479761814,4.64841013340737,2.56579371292053,24.7696659799681,45.2518779680034,1.7678466386902
"200","flame",1884.12862191225,19,3.75,36,2.25,7,9,0,0,0,0,0.25,0,0.5,0,23.25,0,0.25,0,0,0,0,0.25,0,5.5,1.5,0.25,0,0.453733920781601,1.45021494585442,0,4.90987606835159,16.8509025175598,15.8940894672468,14.3281479761814,4.64841013340737,2.56579371292053,24.7696659799681,45.2518779680034,1.7678466386902
"201","flame",1873.95205150298,20,4.5,38.75,4,6,3.75,0,0,0,0.25,0,0,0.25,0.5,25.75,0,0,0,0,0,0,0.25,0.5,7,1.5,0,0,0,3.30200591297211,0,4.61323847372919,18.333899178745,17.4473645425136,14.5714953892447,5.46677856062808,1.98469797648911,25.0696488796753,23.1102821234877,5.4540432051987
"202","flame",1863.30638333662,21,4.5,38.75,4,6,3.75,0,0,0,0.25,0,0,0.25,0.5,25.75,0,0,0,0,0,0,0.25,0.5,7,1.5,0,0,0,3.30200591297211,0,4.61323847372919,18.333899178745,17.4473645425136,14.5714953892447,5.46677856062808,1.98469797648911,25.0696488796753,23.1102821234877,5.4540432051987
"203","flame",1852.14266555697,22,4.5,38.75,4,6,3.75,0,0,0,0.25,0,0,0.25,0.5,25.75,0,0,0,0,0,0,0.25,0.5,7,1.5,0,0,0,1.93969330937472,0,4.18688120451317,17.2877308517361,18.1511302605891,13.2923942377894,4.17734069357366,2.07284283623782,4.06049592243865,40.2965321497825,10.45086696599
"204","flame",1840.6183390658,23,4.5,38.75,4,6,3.75,0,0,0,0.25,0,0,0.25,0.5,25.75,0,0,0,0,0,0,0.25,0.5,7,1.5,0,0,0,1.93969330937472,0,4.18688120451317,17.2877308517361,18.1511302605891,13.2923942377894,4.17734069357366,2.07284283623782,4.06049592243865,40.2965321497825,10.45086696599
"205","flame",1828.70890443795,24,4.5,38.75,4,6,3.75,0,0,0,0.25,0,0,0.25,0.5,25.75,0,0,0,0,0,0,0.25,0.5,7,1.5,0,0,0,1.93969330937472,0,4.18688120451317,17.2877308517361,18.1511302605891,13.2923942377894,4.17734069357366,2.07284283623782,4.06049592243865,40.2965321497825,10.45086696599
"206","flame",1816.43147880735,25,4.5,38.75,4,6,3.75,0,0,0,0.25,0,0,0.25,0.5,25.75,0,0,0,0,0,0,0.25,0.5,7,1.5,0,0,0,1.93969330937472,0,4.18688120451317,17.2877308517361,18.1511302605891,13.2923942377894,4.17734069357366,2.07284283623782,4.06049592243865,40.2965321497825,10.45086696599
"207","flame",1803.79358339903,26,4.5,38.75,4,6,3.75,0,0,0,0.25,0,0,0.25,0.5,25.75,0,0,0,0,0,0,0.25,0.5,7,1.5,0,0,0,1.93969330937472,0,4.18688120451317,17.2877308517361,18.1511302605891,13.2923942377894,4.17734069357366,2.07284283623782,4.06049592243865,40.2965321497825,10.45086696599
"208","smoke",2018.72446718069,2,7.25,28.75,25.5,2,0,0,0,0,0.5,0,14,0.75,0.75,0,0,0,0.75,0,0.25,9.25,0.25,0.25,0.5,1,0.5,0,0,10.6735273782885,0,3.80880220247476,19.7463803406452,12.1582619204229,17.7964818100833,5.4180935573713,2.96898223728735,26.8977473047378,22.12764705167,9.44946053042955
"209","smoke",2013.49635476518,3,5.25,30.75,27.75,1.25,0,0,0,0,0.75,0,12.5,1.5,0,0.5,0.5,0,0.25,0,0.75,11.5,0,0,0.25,0.25,0.5,0,0,4.11897552291863,0,4.79386822424403,21.0905157799486,13.8912872317236,21.2053281207341,6.206964853321,3.54498394045041,26.4592525924642,42.5429790687453,13.371578913355
"210","smoke",2008.22811257927,4,5.75,29.75,28,1.75,0,0,0,0,0.75,0,11.5,1,0.5,0.5,0.25,0,0.25,0,0.5,11.75,0.25,0.75,0.25,0,0,0,1.71589915028729,4.06751348380887,0,5.78241175465548,21.9397213455829,15.3499363231141,23.0053315773174,6.8302556346661,2.87697479544286,30.2708747676134,32.3669457557588,0.757810943348334
"211","smoke",2002.91243063353,5,5.5,29.75,30,1,0,0,0,0,0.25,0,9.75,1.75,0.5,0,0,0,0.25,0,0.5,13.75,0.25,0.5,0.5,0.25,0,0,0,3.56000096371058,0,7.50353592793872,17.0446714510975,12.0742551609695,20.6689163143461,5.94161821497757,3.65593789964435,38.623819654159,44.3837253753987,14.0726223257672
"212","smoke",1997.56344814645,6,5.25,30.5,30.75,0.75,0,0,0,0,0.5,0,8,0.75,0.25,0,0.25,0,0.25,0,1,14.5,0.25,0.75,0.25,0.25,0.25,0,0,2.32832833146583,0,4.76094062892048,14.1661443167731,10.7007676956824,17.859041861018,5.0639155081323,2.11273896771498,28.8710859801754,30.515285245439,8.0301615121305
"213","smoke",1992.17680368553,7,5,34.75,28.75,0.5,0,0,0,0,0.5,0,6.5,1,0.75,0.25,0.5,0,0.25,0,1,12.5,0,0,0.25,0.75,0.25,0,0,2.10127921236198,0.394592084543437,7.08177939160682,17.9509049851517,15.0590520785759,23.7374000809775,8.35121038039106,4.21791102613055,45.4285875796201,65.3597227296038,24.019778633688
"214","smoke",1986.75250432537,8,5.25,33.75,29.25,1.75,0,0,0,0,0.5,0,6.5,1.5,0,0,0,0,0.5,0,0.25,13,0,0,0,0.75,0,0,0,2.08586909574556,0,6.02101800190899,11.8255590380856,11.6968680215429,15.35759164639,4.62472856157972,1.80183486777157,21.9895735810802,21.0184553405687,4.96023139417691
"215","smoke",1981.3079883991,9,3.25,36,28.5,1.75,0,0,0,0,0.25,0,6.75,0.75,0,0,0,0,0.5,0,0.25,12.25,0.25,0.75,0.25,0.75,0.5,0,0,1.93745555331733,1.08999538650803,4.01415599638624,10.875337416917,10.1600561956322,14.7050946308615,5.29466654051675,4.65423480838523,24.0183848998549,32.8484498929856,10.4865485209598
"216","smoke",1975.84055651246,10,3.75,35.5,31,1.75,0,0,0,0,0.25,0,2.75,0.75,0.75,0.25,0,0,0.5,0,0.25,14.75,0,0.25,0,0.5,0,0,0.600513233947848,1.48020802325268,0.997973320528308,5.54502115259981,10.8508515304012,11.9438734403609,15.0529227283233,5.92377938382979,4.46571040695048,34.1767717468404,38.8628314658937,12.4235519325241
"217","smoke",1970.34181805419,11,6,31.25,29.25,1.75,0,0,0,0,0.25,0,5.75,1,0.75,0.25,0,0,0.25,0,0.75,13,0.25,0.5,0.25,1.25,0,0,0.600513233947848,1.48020802325268,0.997973320528308,5.54502115259981,10.8508515304012,11.9438734403609,15.0529227283233,5.92377938382979,4.46571040695048,34.1767717468404,38.8628314658937,12.4235519325241
"218","smoke",1964.82067453192,12,6,31.25,29.25,1.75,0,0,0,0,0.25,0,5.75,1,0.75,0.25,0,0,0.25,0,0.75,13,0.25,0.5,0.25,1.25,0,0,0,2.19186677525105,0,4.95529158696974,12.4189092771838,13.4494701779612,15.1865004088909,6.53036526099529,2.62919997751724,26.0743792642877,26.5052969380198,9.81871356597913
"219","smoke",1959.28602745332,13,3.25,34.25,29,2,0,0,0,0,0.75,0,6.25,2.25,0.5,0.25,0.5,0,0.5,0,0.25,12.75,0.25,0.25,0.25,0,0.25,0,0,2.19186677525105,0,4.95529158696974,12.4189092771838,13.4494701779612,15.1865004088909,6.53036526099529,2.62919997751724,26.0743792642877,26.5052969380198,9.81871356597913
"220","smoke",1953.95330078796,14,3.25,34.25,29,2,0,0,0,0,0.75,0,6.25,2.25,0.5,0.25,0.5,0,0.5,0,0.25,12.75,0.25,0.25,0.25,0,0.25,0,0,2.13374668414525,0,7.58394695230323,10.1725973169626,14.2203185721043,15.0625143735443,4.20736343696951,1.57063236112605,15.1786153402902,19.6843398268695,5.78783393696418
"221","smoke",1948.4354641019,15,3.25,34.25,29,2,0,0,0,0,0.75,0,6.25,2.25,0.5,0.25,0.5,0,0.5,0,0.25,12.75,0.25,0.25,0.25,0,0.25,0,0,2.13374668414525,0,7.58394695230323,10.1725973169626,14.2203185721043,15.0625143735443,4.20736343696951,1.57063236112605,15.1786153402902,19.6843398268695,5.78783393696418
"222","smoke",1942.92706785226,16,2.5,38.25,27.25,2.25,0,0,0,0,0.25,0,6.5,1,0.25,0.25,0,0,0.25,0,0.25,11,0,0.75,0,0,0.25,0,0,1.21733261141743,0,3.79298113603304,9.57412213591855,12.4439240350197,12.3060060440214,4.81626534842628,1.55957808774658,14.3897381990823,15.3286932565386,5.63837663600514
"223","smoke",1937.25029784503,17,2.5,38.25,27.25,2.25,0,0,0,0,0.25,0,6.5,1,0.25,0.25,0,0,0.25,0,0.25,11,0,0.75,0,0,0.25,0,0,1.21733261141743,0,3.79298113603304,9.57412213591855,12.4439240350197,12.3060060440214,4.81626534842628,1.55957808774658,14.3897381990823,15.3286932565386,5.63837663600514
"224","smoke",1931.20535978704,18,2.5,38.25,27.25,2.25,0,0,0,0,0.25,0,6.5,1,0.25,0.25,0,0,0.25,0,0.25,11,0,0.75,0,0,0.25,0,0,1.21733261141743,0,3.79298113603304,9.57412213591855,12.4439240350197,12.3060060440214,4.81626534842628,1.55957808774658,14.3897381990823,15.3286932565386,5.63837663600514
"225","smoke",1924.97332503437,19,2.5,38.25,27.25,2.25,0,0,0,0,0.25,0,6.5,1,0.25,0.25,0,0,0.25,0,0.25,11,0,0.75,0,0,0.25,0,0,1.21733261141743,0,3.79298113603304,9.57412213591855,12.4439240350197,12.3060060440214,4.81626534842628,1.55957808774658,14.3897381990823,15.3286932565386,5.63837663600514
"226","smoke",1918.94767786681,20,0.75,43,26.75,1.25,0,0,0,0,0.25,0,6,0.75,0.75,0,0.25,0,0,0,0.25,10.5,0,0.75,0,0.75,0,0,0,1.96482462835181,0,4.39391918993055,12.3228616525419,15.0397722039382,14.2318150035099,6.23260794967437,1.78249293487145,13.033333457912,21.9601985261939,6.94024660714496
"227","smoke",1912.96860051917,21,0.75,43,26.75,1.25,0,0,0,0,0.25,0,6,0.75,0.75,0,0.25,0,0,0,0.25,10.5,0,0.75,0,0.75,0,0,0,1.96482462835181,0,4.39391918993055,12.3228616525419,15.0397722039382,14.2318150035099,6.23260794967437,1.78249293487145,13.033333457912,21.9601985261939,6.94024660714496
"228","smoke",1907.37195630444,22,0.75,43,26.75,1.25,0,0,0,0,0.25,0,6,0.75,0.75,0,0.25,0,0,0,0.25,10.5,0,0.75,0,0.75,0,0,0,1.96482462835181,0,4.39391918993055,12.3228616525419,15.0397722039382,14.2318150035099,6.23260794967437,1.78249293487145,13.033333457912,21.9601985261939,6.94024660714496
"229","smoke",1901.95583078053,23,0,45.5,24.5,1.5,0,0,0,0,0.25,0,6.25,1.25,0.75,0,0,0,0.25,0,0.5,8.25,0,0.75,0.25,1.5,0,0,0,1.96482462835181,0,4.39391918993055,12.3228616525419,15.0397722039382,14.2318150035099,6.23260794967437,1.78249293487145,13.033333457912,21.9601985261939,6.94024660714496
"230","smoke",1896.5259477088,24,0,45.5,24.5,1.5,0,0,0,0,0.25,0,6.25,1.25,0.75,0,0,0,0.25,0,0.5,8.25,0,0.75,0.25,1.5,0,0,0,1.46864922525894,0,4.24006217952969,9.11009212339812,12.1484657218914,11.8001239173666,4.60654469762296,1.80599397322236,17.4504990371952,19.9319495427363,6.56233218601689
"231","smoke",1890.88803085062,25,0,45.5,24.5,1.5,0,0,0,0,0.25,0,6.25,1.25,0.75,0,0,0,0.25,0,0.5,8.25,0,0.75,0.25,1.5,0,0,0,1.46864922525894,0,4.24006217952969,9.11009212339812,12.1484657218914,11.8001239173666,4.60654469762296,1.80599397322236,17.4504990371952,19.9319495427363,6.56233218601689
"232","smoke",1885.16810372517,26,0,48.5,25.25,1.25,0,0,0,0,0.5,0,3.75,1.5,0.75,0.5,0,0,0.5,0,0.25,9,0,0.75,0,0,0,0,0,1.60550826579826,0,4.22377515093707,11.0354291728035,14.7720302097547,14.9347716140736,5.44968848027951,2.31873601256492,21.6982609163682,24.0068878597227,7.65328950895369
"233","smoke",1879.35980410988,27,0,48.5,25.25,1.25,0,0,0,0,0.5,0,3.75,1.5,0.75,0.5,0,0,0.5,0,0.25,9,0,0.75,0,0,0,0,0,1.60550826579826,0,4.22377515093707,11.0354291728035,14.7720302097547,14.9347716140736,5.44968848027951,2.31873601256492,21.6982609163682,24.0068878597227,7.65328950895369
"234","smoke",1873.07027715342,28,0,48.5,25.25,1.25,0,0,0,0,0.5,0,3.75,1.5,0.75,0.5,0,0,0.5,0,0.25,9,0,0.75,0,0,0,0,0,1.60550826579826,0,4.22377515093707,11.0354291728035,14.7720302097547,14.9347716140736,5.44968848027951,2.31873601256492,21.6982609163682,24.0068878597227,7.65328950895369
"235","smoke",1866.28456060977,29,0,48.5,25.25,1.25,0,0,0,0,0.5,0,3.75,1.5,0.75,0.5,0,0,0.5,0,0.25,9,0,0.75,0,0,0,0,0,1.60550826579826,0,4.22377515093707,11.0354291728035,14.7720302097547,14.9347716140736,5.44968848027951,2.31873601256492,21.6982609163682,24.0068878597227,7.65328950895369
"236","smoke",1859.2417823277,30,0,48.5,25.25,1.25,0,0,0,0,0.5,0,3.75,1.5,0.75,0.5,0,0,0.5,0,0.25,9,0,0.75,0,0,0,0,0,1.60550826579826,0,4.22377515093707,11.0354291728035,14.7720302097547,14.9347716140736,5.44968848027951,2.31873601256492,21.6982609163682,24.0068878597227,7.65328950895369
"237","smoke",1851.93022259811,31,0,48.5,25.25,1.25,0,0,0,0,0.5,0,3.75,1.5,0.75,0.5,0,0,0.5,0,0.25,9,0,0.75,0,0,0,0,0,1.60550826579826,0,4.22377515093707,11.0354291728035,14.7720302097547,14.9347716140736,5.44968848027951,2.31873601256492,21.6982609163682,24.0068878597227,7.65328950895369
"238","smoke",1844.33816171191,32,0,48.5,25.25,1.25,0,0,0,0,0.5,0,3.75,1.5,0.75,0.5,0,0,0.5,0,0.25,9,0,0.75,0,0,0,0,0,1.60550826579826,0,4.22377515093707,11.0354291728035,14.7720302097547,14.9347716140736,5.44968848027951,2.31873601256492,21.6982609163682,24.0068878597227,7.65328950895369
"239","smoke",1836.45387996,33,0,48.5,25.25,1.25,0,0,0,0,0.5,0,3.75,1.5,0.75,0.5,0,0,0.5,0,0.25,9,0,0.75,0,0,0,0,0,1.60550826579826,0,4.22377515093707,11.0354291728035,14.7720302097547,14.9347716140736,5.44968848027951,2.31873601256492,21.6982609163682,24.0068878597227,7.65328950895369
"240","smoke",1828.26565763326,34,0,48.5,25.25,1.25,0,0,0,0,0.5,0,3.75,1.5,0.75,0.5,0,0,0.5,0,0.25,9,0,0.75,0,0,0,0,0,1.60550826579826,0,4.22377515093707,11.0354291728035,14.7720302097547,14.9347716140736,5.44968848027951,2.31873601256492,21.6982609163682,24.0068878597227,7.65328950895369
"241","smoke",1819.76177502262,35,0,48.5,25.25,1.25,0,0,0,0,0.5,0,3.75,1.5,0.75,0.5,0,0,0.5,0,0.25,9,0,0.75,0,0,0,0,0,1.60550826579826,0,4.22377515093707,11.0354291728035,14.7720302097547,14.9347716140736,5.44968848027951,2.31873601256492,21.6982609163682,24.0068878597227,7.65328950895369
"242","smoke",1810.93051241896,36,0,48.5,25.25,1.25,0,0,0,0,0.5,0,3.75,1.5,0.75,0.5,0,0,0.5,0,0.25,9,0,0.75,0,0,0,0,0,1.60550826579826,0,4.22377515093707,11.0354291728035,14.7720302097547,14.9347716140736,5.44968848027951,2.31873601256492,21.6982609163682,24.0068878597227,7.65328950895369
"243","wtwin",2022.48325619693,2,5.75,18.5,3,4.5,35.5,0,4.5,1,0,0,0,1.5,0,0,0,0,0,0,0,0,0,0,0,7,2,0,0,11.968374268063,0,16.2667369504169,27.061417986976,31.7918362831235,31.516319288944,4.93042762921533,5.25435429491284,31.9546161966366,71.2883683943986,29.8862250105738
"244","wtwin",2021.17010014691,3,5.75,18.5,3,4.5,35.5,0,4.5,1,0,0,0,1.5,0,0,0,0,0,0,0,0,0,0,0,7,2,0,0,11.968374268063,0,16.2667369504169,27.061417986976,31.7918362831235,31.516319288944,4.93042762921533,5.25435429491284,31.9546161966366,71.2883683943986,29.8862250105738
"245","wtwin",2019.81691511738,4,5.75,18.5,3,4.5,35.5,0,4.5,1,0,0,0,1.5,0,0,0,0,0,0,0,0,0,0,0,7,2,0,0,11.968374268063,0,16.2667369504169,27.061417986976,31.7918362831235,31.516319288944,4.93042762921533,5.25435429491284,31.9546161966366,71.2883683943986,29.8862250105738
"246","wtwin",2018.42262026012,5,5.75,18.5,3,4.5,35.5,0,4.5,1,0,0,0,1.5,0,0,0,0,0,0,0,0,0,0,0,7,2,0,0,11.968374268063,0,16.2667369504169,27.061417986976,31.7918362831235,31.516319288944,4.93042762921533,5.25435429491284,31.9546161966366,71.2883683943986,29.8862250105738
"247","wtwin",2016.98613472693,6,5.75,18.5,3,4.5,35.5,0,4.5,1,0,0,0,1.5,0,0,0,0,0,0,0,0,0,0,0,7,2,0,0,11.968374268063,0,16.2667369504169,27.061417986976,31.7918362831235,31.516319288944,4.93042762921533,5.25435429491284,31.9546161966366,71.2883683943986,29.8862250105738
"248","wtwin",2015.50637766961,7,5.75,18.5,3,4.5,35.5,0,4.5,1,0,0,0,1.5,0,0,0,0,0,0,0,0,0,0,0,7,2,0,0,11.968374268063,0,16.2667369504169,27.061417986976,31.7918362831235,31.516319288944,4.93042762921533,5.25435429491284,31.9546161966366,71.2883683943986,29.8862250105738
"249","wtwin",2013.98226823995,8,5.75,18.5,3,4.5,35.5,0,4.5,1,0,0,0,1.5,0,0,0,0,0,0,0,0,0,0,0,7,2,0,0,11.968374268063,0,16.2667369504169,27.061417986976,31.7918362831235,31.516319288944,4.93042762921533,5.25435429491284,31.9546161966366,71.2883683943986,29.8862250105738
"250","wtwin",2012.41272558974,9,6.5,24.25,5.5,9.5,20,0,0,0,0,0.5,5.5,0.5,0,0,0,0,0,0,0,0,0,2,0,4.5,8.25,0,0,14.5665857168786,0,10.442466194282,28.5217012888576,35.2529034026982,34.9366009380269,8.02958637164562,5.71016581195136,37.73336697573,61.8544628379678,22.0383749778007
"251","wtwin",2010.79404152248,10,6.5,24.25,5.5,9.5,20,0,0,0,0,0.5,5.5,0.5,0,0,0,0,0,0,0,0,0,2,0,4.5,8.25,0,0,14.5665857168786,0,10.442466194282,28.5217012888576,35.2529034026982,34.9366009380269,8.02958637164562,5.71016581195136,37.73336697573,61.8544628379678,22.0383749778007
"252","wtwin",2009.12511862568,11,6.5,24.25,5.5,9.5,20,0,0,0,0,0.5,5.5,0.5,0,0,0,0,0,0,0,0,0,2,0,4.5,8.25,0,0,14.5665857168786,0,10.442466194282,28.5217012888576,35.2529034026982,34.9366009380269,8.02958637164562,5.71016581195136,37.73336697573,61.8544628379678,22.0383749778007
"253","wtwin",2007.40879222715,12,3,13.25,8,6,17,0,1,0,0,2,0.5,1,0,0.5,0,0,3.75,0,0,0,1.5,1,0,7.5,6.5,5.5,0,9.26864541473841,0,13.0087786362813,23.2328127480331,30.2446166398993,26.6499454984079,4.00787940029919,4.52426674617193,27.7475015934726,71.6111257024448,30.183956357991
"254","wtwin",2005.64789765471,13,3,13.25,8,6,17,0,1,0,0,2,0.5,1,0,0.5,0,0,3.75,0,0,0,1.5,1,0,7.5,6.5,5.5,0,9.26864541473841,0,13.0087786362813,23.2328127480331,30.2446166398993,26.6499454984079,4.00787940029919,4.52426674617193,27.7475015934726,71.6111257024448,30.183956357991
"255","wtwin",2003.84527023618,14,3,13.25,8,6,17,0,1,0,0,2,0.5,1,0,0.5,0,0,3.75,0,0,0,1.5,1,0,7.5,6.5,5.5,0,10.0214540650061,0,17.8095613201142,33.6038221994222,35.6304246966874,33.2983834916203,7.35803077074457,4.93350245128218,22.3038464095237,53.9218312721311,21.0319381099411
"256","wtwin",2002.00374529938,15,4.5,19.5,7.25,2.5,18,0,2,0,0,1.5,3.5,1.25,0,2.25,0,0,2.25,0,0,0,0.75,0.75,0,0.75,7.75,4.25,0,10.0214540650061,0,17.8095613201142,33.6038221994222,35.6304246966874,33.2983834916203,7.35803077074457,4.93350245128218,22.3038464095237,53.9218312721311,21.0319381099411
"257","wtwin",2000.12615817213,16,4.5,19.5,7.25,2.5,18,0,2,0,0,1.5,3.5,1.25,0,2.25,0,0,2.25,0,0,0,0.75,0.75,0,0.75,7.75,4.25,0,6.3127227729745,0,12.8771360312851,27.961314124389,33.2518000246601,28.9296382624525,6.51180525192496,4.5744461130499,24.1003648965612,52.7175893663531,23.6683088032576
"258","wtwin",1998.21534418225,17,3.5,19.25,7.75,5,15.75,0,0.75,1,0,1.5,1.5,1,0,2.25,0,0,0,0,0,0,0.75,1.75,0,4.25,8.75,4.5,0,6.3127227729745,0,12.8771360312851,27.961314124389,33.2518000246601,28.9296382624525,6.51180525192496,4.5744461130499,24.1003648965612,52.7175893663531,23.6683088032576
"259","wtwin",1996.27413865755,18,3.5,19.25,7.75,5,15.75,0,0.75,1,0,1.5,1.5,1,0,2.25,0,0,0,0,0,0,0.75,1.75,0,4.25,8.75,4.5,0,5.07609569313309,0,17.1175986074087,27.6396435441113,30.6984393572297,28.1222969192669,4.38099576237315,4.64237235940647,52.3398226015459,52.9084750186263,15.9791370069409
"260","wtwin",1994.30537692585,19,2,16.5,6.75,11.5,20.25,0,1.75,0.75,0,1,0.75,0.25,0,2.25,0,0,2.5,0,0,0,1,0.5,0,2.75,6.75,5.25,0,5.07609569313309,0,17.1175986074087,27.6396435441113,30.6984393572297,28.1222969192669,4.38099576237315,4.64237235940647,52.3398226015459,52.9084750186263,15.9791370069409
"261","wtwin",1992.27133118634,20,2,16.5,6.75,11.5,20.25,0,1.75,0.75,0,1,0.75,0.25,0,2.25,0,0,2.5,0,0,0,1,0.5,0,2.75,6.75,5.25,0,3.76786896643707,0,14.2987072510918,23.1382583614047,29.8199725657147,27.1940333767643,4.75187874542072,4.35572744655993,44.8870999808244,61.1823668464842,30.0899456609618
"262","wtwin",1990.14379554302,21,3.25,18.75,8.75,9,15.25,0,0,0.75,0,2,2,1.25,0,1,0,0,4.25,0,0,0,1,0.5,0,5.75,6.25,4.25,0,3.76786896643707,0,14.2987072510918,23.1382583614047,29.8199725657147,27.1940333767643,4.75187874542072,4.35572744655993,44.8870999808244,61.1823668464842,30.0899456609618
"263","wtwin",1987.93988818097,22,3.25,18.75,8.75,9,15.25,0,0,0.75,0,2,2,1.25,0,1,0,0,4.25,0,0,0,1,0.5,0,5.75,6.25,4.25,0,2.15433339970304,0,16.4995908858011,17.8846911475226,24.1552410582115,21.6072256951474,3.90404035549485,4.80957096124745,22.230824815266,56.8051882446147,19.2400666929947
"264","wtwin",1985.67672728523,23,0.75,20.25,7.75,11.25,16.5,0,0,0.75,0,1.25,0,0.75,0,1.5,0,0,2,0,0,0,0,0.75,0,5.25,6.5,3.75,0,2.15433339970304,0,16.4995908858011,17.8846911475226,24.1552410582115,21.6072256951474,3.90404035549485,4.80957096124745,22.230824815266,56.8051882446147,19.2400666929947
"265","wtwin",1983.37143104087,24,0.75,20.25,7.75,11.25,16.5,0,0,0.75,0,1.25,0,0.75,0,1.5,0,0,2,0,0,0,0,0.75,0,5.25,6.5,3.75,0,0.637884674015911,0,14.7185756721493,22.280332130029,31.48862228353,28.0014494122472,4.81095126373707,4.80336828969298,42.3411708134494,73.9322975189421,29.3656003555453
"266","wtwin",1981.04111763295,25,1.25,19.75,7,8.75,19,0,0,0,0,2.25,0,0.75,0,1.5,0,0,3.5,0,0,0,0.5,1.5,0,3,7.75,4,0,0.637884674015911,0,14.7185756721493,22.280332130029,31.48862228353,28.0014494122472,4.81095126373707,4.80336828969298,42.3411708134494,73.9322975189421,29.3656003555453
"267","wtwin",1978.70290524653,26,1.25,19.75,7,8.75,19,0,0,0,0,2.25,0,0.75,0,1.5,0,0,3.5,0,0,0,0.5,1.5,0,3,7.75,4,0,2.73774701518549,0,15.2385839742324,22.6005921101717,26.593919915705,26.9199486298297,4.92600600052936,4.18556059935934,9.29020233631016,41.8962958497408,6.77188768135934
"268","wtwin",1976.37391206667,27,0,18.75,6.5,10,20.75,0,1.75,0.5,0,2.25,0,0.25,0,2.25,0,0,1.5,0,0,0,0.75,0.5,0,3.75,8.25,3.75,0,2.73774701518549,0,15.2385839742324,22.6005921101717,26.593919915705,26.9199486298297,4.92600600052936,4.18556059935934,9.29020233631016,41.8962958497408,6.77188768135934
"269","wtwin",1974.07125627844,28,0,18.75,6.5,10,20.75,0,1.75,0.5,0,2.25,0,0.25,0,2.25,0,0,1.5,0,0,0,0.75,0.5,0,3.75,8.25,3.75,0,0,0,16.6030209778085,20.2570024117101,25.7146115243747,24.6471786034754,4.44468139234756,4.49337514992539,38.830021149531,67.1228446624925,20.5870045895388
"270","wtwin",1971.81205606689,29,0,21,7.5,3.25,21.25,0,1.75,0.25,0,2,0,0.75,0,0.5,0,0,1.25,0,0,0,1,2.5,0,3.75,8,5.25,0,0,0,16.6030209778085,20.2570024117101,25.7146115243747,24.6471786034754,4.44468139234756,4.49337514992539,38.830021149531,67.1228446624925,20.5870045895388
"271","wtwin",1969.54759493691,30,0,21,7.5,3.25,21.25,0,1.75,0.25,0,2,0,0.75,0,0.5,0,0,1.25,0,0,0,1,2.5,0,3.75,8,5.25,0,0,0,16.6030209778085,20.2570024117101,25.7146115243747,24.6471786034754,4.44468139234756,4.49337514992539,38.830021149531,67.1228446624925,20.5870045895388
"272","wtwin",1967.23239633932,31,0,21,7.5,3.25,21.25,0,1.75,0.25,0,2,0,0.75,0,0.5,0,0,1.25,0,0,0,1,2.5,0,3.75,8,5.25,0,0,0,16.6030209778085,20.2570024117101,25.7146115243747,24.6471786034754,4.44468139234756,4.49337514992539,38.830021149531,67.1228446624925,20.5870045895388
"273","wtwin",1964.88843837813,32,0,21,7.5,3.25,21.25,0,1.75,0.25,0,2,0,0.75,0,0.5,0,0,1.25,0,0,0,1,2.5,0,3.75,8,5.25,0,0,0,16.6030209778085,20.2570024117101,25.7146115243747,24.6471786034754,4.44468139234756,4.49337514992539,38.830021149531,67.1228446624925,20.5870045895388
"274","wtwin",1962.53769915732,33,0,21,7.5,3.25,21.25,0,1.75,0.25,0,2,0,0.75,0,0.5,0,0,1.25,0,0,0,1,2.5,0,3.75,8,5.25,0,0,0,16.6030209778085,20.2570024117101,25.7146115243747,24.6471786034754,4.44468139234756,4.49337514992539,38.830021149531,67.1228446624925,20.5870045895388
"275","wtwin",1960.2021567809,34,0,21,7.5,3.25,21.25,0,1.75,0.25,0,2,0,0.75,0,0.5,0,0,1.25,0,0,0,1,2.5,0,3.75,8,5.25,0,0,0,16.6030209778085,20.2570024117101,25.7146115243747,24.6471786034754,4.44468139234756,4.49337514992539,38.830021149531,67.1228446624925,20.5870045895388
"276","wtwin",1957.90378935284,35,0,24.25,8.5,5.5,17.25,0,1.25,0.25,0,0.75,0,0.75,0,0.5,0,0,2.75,0,0,0,0.25,1.25,0,3.25,8.25,3.75,0,0,0,16.6030209778085,20.2570024117101,25.7146115243747,24.6471786034754,4.44468139234756,4.49337514992539,38.830021149531,67.1228446624925,20.5870045895388
"277","wtwin",1955.66457497716,36,0,24.25,8.5,5.5,17.25,0,1.25,0.25,0,0.75,0,0.75,0,0.5,0,0,2.75,0,0,0,0.25,1.25,0,3.25,8.25,3.75,0,2.59470633165156,0,11.0448909678742,27.4337777922045,36.5944935649003,39.9890076398737,5.29616347912987,6.82007504073219,47.9724985262833,55.9939815492834,27.105860749203
"278","wtwin",1953.50649175783,37,0,24.25,8.5,5.5,17.25,0,1.25,0.25,0,0.75,0,0.75,0,0.5,0,0,2.75,0,0,0,0.25,1.25,0,3.25,8.25,3.75,0,2.59470633165156,0,11.0448909678742,27.4337777922045,36.5944935649003,39.9890076398737,5.29616347912987,6.82007504073219,47.9724985262833,55.9939815492834,27.105860749203
"279","wtwin",1951.40289613497,38,0,24.25,8.5,5.5,17.25,0,1.25,0.25,0,0.75,0,0.75,0,0.5,0,0,2.75,0,0,0,0.25,1.25,0,3.25,8.25,3.75,0,2.59470633165156,0,11.0448909678742,27.4337777922045,36.5944935649003,39.9890076398737,5.29616347912987,6.82007504073219,47.9724985262833,55.9939815492834,27.105860749203
"280","wtwin",1949.3155315643,39,0,24.25,8.5,5.5,17.25,0,1.25,0.25,0,0.75,0,0.75,0,0.5,0,0,2.75,0,0,0,0.25,1.25,0,3.25,8.25,3.75,0,2.59470633165156,0,11.0448909678742,27.4337777922045,36.5944935649003,39.9890076398737,5.29616347912987,6.82007504073219,47.9724985262833,55.9939815492834,27.105860749203
"281","wtwin",1947.24895667323,40,0,25.25,7.75,2.5,15.75,0,1.75,0,0,0.75,0,1.25,0,1.25,0,0,1.75,0,0,0,0.25,1.25,0,5,8,4.75,0,0,0,14.7538928332727,21.6558190740806,39.2031589901052,34.9479713988683,4.19922602977313,5.05519121564014,25.6865773712513,45.7063174412932,20.2445574358756
"282","wtwin",1945.20773008916,41,0,25.25,7.75,2.5,15.75,0,1.75,0,0,0.75,0,1.25,0,1.25,0,0,1.75,0,0,0,0.25,1.25,0,5,8,4.75,0,0,0,14.7538928332727,21.6558190740806,39.2031589901052,34.9479713988683,4.19922602977313,5.05519121564014,25.6865773712513,45.7063174412932,20.2445574358756
"283","wtwin",1943.19641043948,42,0,25.25,7.75,2.5,15.75,0,1.75,0,0,0.75,0,1.25,0,1.25,0,0,1.75,0,0,0,0.25,1.25,0,5,8,4.75,0,0,0,14.7538928332727,21.6558190740806,39.2031589901052,34.9479713988683,4.19922602977313,5.05519121564014,25.6865773712513,45.7063174412932,20.2445574358756
"284","wtwin",1941.21955635162,43,0,25.25,7.75,2.5,15.75,0,1.75,0,0,0.75,0,1.25,0,1.25,0,0,1.75,0,0,0,0.25,1.25,0,5,8,4.75,0,0,0,14.7538928332727,21.6558190740806,39.2031589901052,34.9479713988683,4.19922602977313,5.05519121564014,25.6865773712513,45.7063174412932,20.2445574358756
"285","wtwin",1939.28172645296,44,0,23.5,7.5,7.5,15.75,0,1,0,0,0.75,0,0.25,0,1,0,0,0.5,0,0,0,1,1.5,0,5,7,5.5,0,0,0,18.519441808595,22.5552622957929,42.3817395899475,31.2044429856756,4.24442735303947,5.03939946212416,16.4810117812547,63.9571810686323,35.7093529182223
"286","wtwin",1937.38747937092,45,0,23.5,7.5,7.5,15.75,0,1,0,0,0.75,0,0.25,0,1,0,0,0.5,0,0,0,1,1.5,0,5,7,5.5,0,0,0,18.519441808595,22.5552622957929,42.3817395899475,31.2044429856756,4.24442735303947,5.03939946212416,16.4810117812547,63.9571810686323,35.7093529182223
"287","wtwin",1935.55719822809,46,0,23.5,7.5,7.5,15.75,0,1,0,0,0.75,0,0.25,0,1,0,0,0.5,0,0,0,1,1.5,0,5,7,5.5,0,0,0,18.519441808595,22.5552622957929,42.3817395899475,31.2044429856756,4.24442735303947,5.03939946212416,16.4810117812547,63.9571810686323,35.7093529182223
"288","wtwin",1933.79502520982,47,0,23.5,7.5,7.5,15.75,0,1,0,0,0.75,0,0.25,0,1,0,0,0.5,0,0,0,1,1.5,0,5,7,5.5,0,0,0,18.519441808595,22.5552622957929,42.3817395899475,31.2044429856756,4.24442735303947,5.03939946212416,16.4810117812547,63.9571810686323,35.7093529182223
"289","wtwin",1932.08115753767,48,0,20,6.5,14.25,13.5,0,1.5,1,0,0.75,0,0.25,0,1.75,0,0,0.5,0,0,0,0.25,0.75,0,3.5,8.5,3.75,0,0,0,18.519441808595,22.5552622957929,42.3817395899475,31.2044429856756,4.24442735303947,5.03939946212416,16.4810117812547,63.9571810686323,35.7093529182223
"290","wtwin",1930.3957924332,49,0,20,6.5,14.25,13.5,0,1.5,1,0,0.75,0,0.25,0,1.75,0,0,0.5,0,0,0,0.25,0.75,0,3.5,8.5,3.75,0,0,0,18.519441808595,22.5552622957929,42.3817395899475,31.2044429856756,4.24442735303947,5.03939946212416,16.4810117812547,63.9571810686323,35.7093529182223
"291","wtwin",1928.71912711797,50,0,20,6.5,14.25,13.5,0,1.5,1,0,0.75,0,0.25,0,1.75,0,0,0.5,0,0,0,0.25,0.75,0,3.5,8.5,3.75,0,0,0,18.519441808595,22.5552622957929,42.3817395899475,31.2044429856756,4.24442735303947,5.03939946212416,16.4810117812547,63.9571810686323,35.7093529182223
"292","wtwin",1927.03135881352,51,0,20,6.5,14.25,13.5,0,1.5,1,0,0.75,0,0.25,0,1.75,0,0,0.5,0,0,0,0.25,0.75,0,3.5,8.5,3.75,0,0,0,18.519441808595,22.5552622957929,42.3817395899475,31.2044429856756,4.24442735303947,5.03939946212416,16.4810117812547,63.9571810686323,35.7093529182223
"293","wtwin",1925.31268474142,52,0,20,6.5,14.25,13.5,0,1.5,1,0,0.75,0,0.25,0,1.75,0,0,0.5,0,0,0,0.25,0.75,0,3.5,8.5,3.75,0,0,0,18.519441808595,22.5552622957929,42.3817395899475,31.2044429856756,4.24442735303947,5.03939946212416,16.4810117812547,63.9571810686323,35.7093529182223
"294","wtwin",1923.57756544846,53,0,20,6.5,14.25,13.5,0,1.5,1,0,0.75,0,0.25,0,1.75,0,0,0.5,0,0,0,0.25,0.75,0,3.5,8.5,3.75,0,0,0,18.519441808595,22.5552622957929,42.3817395899475,31.2044429856756,4.24442735303947,5.03939946212416,16.4810117812547,63.9571810686323,35.7093529182223
"295","wtwin",1921.85175285169,54,0,20,6.5,14.25,13.5,0,1.5,1,0,0.75,0,0.25,0,1.75,0,0,0.5,0,0,0,0.25,0.75,0,3.5,8.5,3.75,0,0,0,18.519441808595,22.5552622957929,42.3817395899475,31.2044429856756,4.24442735303947,5.03939946212416,16.4810117812547,63.9571810686323,35.7093529182223
"296","wtwin",1920.13238122807,55,0,20,6.5,14.25,13.5,0,1.5,1,0,0.75,0,0.25,0,1.75,0,0,0.5,0,0,0,0.25,0.75,0,3.5,8.5,3.75,0,0,0,18.519441808595,22.5552622957929,42.3817395899475,31.2044429856756,4.24442735303947,5.03939946212416,16.4810117812547,63.9571810686323,35.7093529182223
"297","wtwin",1918.41658485454,56,0,20,6.5,14.25,13.5,0,1.5,1,0,0.75,0,0.25,0,1.75,0,0,0.5,0,0,0,0.25,0.75,0,3.5,8.5,3.75,0,0,0,18.519441808595,22.5552622957929,42.3817395899475,31.2044429856756,4.24442735303947,5.03939946212416,16.4810117812547,63.9571810686323,35.7093529182223
"298","wtwin",1916.70149800805,57,0,20,6.5,14.25,13.5,0,1.5,1,0,0.75,0,0.25,0,1.75,0,0,0.5,0,0,0,0.25,0.75,0,3.5,8.5,3.75,0,0,0,18.519441808595,22.5552622957929,42.3817395899475,31.2044429856756,4.24442735303947,5.03939946212416,16.4810117812547,63.9571810686323,35.7093529182223
"299","wtwin",1914.98425496553,58,0,20,6.5,14.25,13.5,0,1.5,1,0,0.75,0,0.25,0,1.75,0,0,0.5,0,0,0,0.25,0.75,0,3.5,8.5,3.75,0,0,0,18.519441808595,22.5552622957929,42.3817395899475,31.2044429856756,4.24442735303947,5.03939946212416,16.4810117812547,63.9571810686323,35.7093529182223
"300","wtwin",1913.26199000394,59,0,20,6.5,14.25,13.5,0,1.5,1,0,0.75,0,0.25,0,1.75,0,0,0.5,0,0,0,0.25,0.75,0,3.5,8.5,3.75,0,0,0,18.519441808595,22.5552622957929,42.3817395899475,31.2044429856756,4.24442735303947,5.03939946212416,16.4810117812547,63.9571810686323,35.7093529182223
"301","wtwin",1911.53183740022,60,0,20,6.5,14.25,13.5,0,1.5,1,0,0.75,0,0.25,0,1.75,0,0,0.5,0,0,0,0.25,0.75,0,3.5,8.5,3.75,0,0,0,18.519441808595,22.5552622957929,42.3817395899475,31.2044429856756,4.24442735303947,5.03939946212416,16.4810117812547,63.9571810686323,35.7093529182223
"302","wtwin",1909.79093143132,61,0,20,6.5,14.25,13.5,0,1.5,1,0,0.75,0,0.25,0,1.75,0,0,0.5,0,0,0,0.25,0.75,0,3.5,8.5,3.75,0,0,0,18.519441808595,22.5552622957929,42.3817395899475,31.2044429856756,4.24442735303947,5.03939946212416,16.4810117812547,63.9571810686323,35.7093529182223
"303","wtwin",1908.03640637418,62,0,20,6.5,14.25,13.5,0,1.5,1,0,0.75,0,0.25,0,1.75,0,0,0.5,0,0,0,0.25,0.75,0,3.5,8.5,3.75,0,0,0,18.519441808595,22.5552622957929,42.3817395899475,31.2044429856756,4.24442735303947,5.03939946212416,16.4810117812547,63.9571810686323,35.7093529182223
"304","wtwin",1906.26539650575,63,0,20,6.5,14.25,13.5,0,1.5,1,0,0.75,0,0.25,0,1.75,0,0,0.5,0,0,0,0.25,0.75,0,3.5,8.5,3.75,0,0,0,18.519441808595,22.5552622957929,42.3817395899475,31.2044429856756,4.24442735303947,5.03939946212416,16.4810117812547,63.9571810686323,35.7093529182223
"305","wtwin",1904.47503610297,64,0,20,6.5,14.25,13.5,0,1.5,1,0,0.75,0,0.25,0,1.75,0,0,0.5,0,0,0,0.25,0.75,0,3.5,8.5,3.75,0,0,0,18.519441808595,22.5552622957929,42.3817395899475,31.2044429856756,4.24442735303947,5.03939946212416,16.4810117812547,63.9571810686323,35.7093529182223
"306","wtwin",1902.66245944279,65,0,20,6.5,14.25,13.5,0,1.5,1,0,0.75,0,0.25,0,1.75,0,0,0.5,0,0,0,0.25,0.75,0,3.5,8.5,3.75,0,0,0,18.519441808595,22.5552622957929,42.3817395899475,31.2044429856756,4.24442735303947,5.03939946212416,16.4810117812547,63.9571810686323,35.7093529182223
"307","wtwin",1900.82480080215,66,0,20,6.5,14.25,13.5,0,1.5,1,0,0.75,0,0.25,0,1.75,0,0,0.5,0,0,0,0.25,0.75,0,3.5,8.5,3.75,0,0,0,18.519441808595,22.5552622957929,42.3817395899475,31.2044429856756,4.24442735303947,5.03939946212416,16.4810117812547,63.9571810686323,35.7093529182223
"308","wtwin",1898.95919445801,67,0,20,6.5,14.25,13.5,0,1.5,1,0,0.75,0,0.25,0,1.75,0,0,0.5,0,0,0,0.25,0.75,0,3.5,8.5,3.75,0,0,0,18.519441808595,22.5552622957929,42.3817395899475,31.2044429856756,4.24442735303947,5.03939946212416,16.4810117812547,63.9571810686323,35.7093529182223
"309","wtwin",1897.0627746873,68,0,20,6.5,14.25,13.5,0,1.5,1,0,0.75,0,0.25,0,1.75,0,0,0.5,0,0,0,0.25,0.75,0,3.5,8.5,3.75,0,0,0,18.519441808595,22.5552622957929,42.3817395899475,31.2044429856756,4.24442735303947,5.03939946212416,16.4810117812547,63.9571810686323,35.7093529182223
"310","wtwin",1895.13267576697,69,0,20,6.5,14.25,13.5,0,1.5,1,0,0.75,0,0.25,0,1.75,0,0,0.5,0,0,0,0.25,0.75,0,3.5,8.5,3.75,0,0,0,18.519441808595,22.5552622957929,42.3817395899475,31.2044429856756,4.24442735303947,5.03939946212416,16.4810117812547,63.9571810686323,35.7093529182223
"311","wtwin",1893.16603197397,70,0,20,6.5,14.25,13.5,0,1.5,1,0,0.75,0,0.25,0,1.75,0,0,0.5,0,0,0,0.25,0.75,0,3.5,8.5,3.75,0,0,0,18.519441808595,22.5552622957929,42.3817395899475,31.2044429856756,4.24442735303947,5.03939946212416,16.4810117812547,63.9571810686323,35.7093529182223
"312","wtwin",1891.15997758524,71,0,20,6.5,14.25,13.5,0,1.5,1,0,0.75,0,0.25,0,1.75,0,0,0.5,0,0,0,0.25,0.75,0,3.5,8.5,3.75,0,0,0,18.519441808595,22.5552622957929,42.3817395899475,31.2044429856756,4.24442735303947,5.03939946212416,16.4810117812547,63.9571810686323,35.7093529182223
"313","wtwin",1889.11164687772,72,0,20,6.5,14.25,13.5,0,1.5,1,0,0.75,0,0.25,0,1.75,0,0,0.5,0,0,0,0.25,0.75,0,3.5,8.5,3.75,0,0,0,18.519441808595,22.5552622957929,42.3817395899475,31.2044429856756,4.24442735303947,5.03939946212416,16.4810117812547,63.9571810686323,35.7093529182223
"314","wtwin",1887.0283361969,73,0,20,6.5,14.25,13.5,0,1.5,1,0,0.75,0,0.25,0,1.75,0,0,0.5,0,0,0,0.25,0.75,0,3.5,8.5,3.75,0,0,0,18.519441808595,22.5552622957929,42.3817395899475,31.2044429856756,4.24442735303947,5.03939946212416,16.4810117812547,63.9571810686323,35.7093529182223
"315","wtwin",1884.91955324314,74,0,20,6.5,14.25,13.5,0,1.5,1,0,0.75,0,0.25,0,1.75,0,0,0.5,0,0,0,0.25,0.75,0,3.5,8.5,3.75,0,0,0,18.519441808595,22.5552622957929,42.3817395899475,31.2044429856756,4.24442735303947,5.03939946212416,16.4810117812547,63.9571810686323,35.7093529182223
"316","wtwin",1882.78574932579,75,0,20,6.5,14.25,13.5,0,1.5,1,0,0.75,0,0.25,0,1.75,0,0,0.5,0,0,0,0.25,0.75,0,3.5,8.5,3.75,0,0,0,18.519441808595,22.5552622957929,42.3817395899475,31.2044429856756,4.24442735303947,5.03939946212416,16.4810117812547,63.9571810686323,35.7093529182223
"317","wtwin",1880.62737575417,76,0,20,6.5,14.25,13.5,0,1.5,1,0,0.75,0,0.25,0,1.75,0,0,0.5,0,0,0,0.25,0.75,0,3.5,8.5,3.75,0,0,0,18.519441808595,22.5552622957929,42.3817395899475,31.2044429856756,4.24442735303947,5.03939946212416,16.4810117812547,63.9571810686323,35.7093529182223
"318","wtwin",1878.44488383761,77,0,20,6.5,14.25,13.5,0,1.5,1,0,0.75,0,0.25,0,1.75,0,0,0.5,0,0,0,0.25,0.75,0,3.5,8.5,3.75,0,0,0,18.519441808595,22.5552622957929,42.3817395899475,31.2044429856756,4.24442735303947,5.03939946212416,16.4810117812547,63.9571810686323,35.7093529182223
"319","wtwin",1876.23872488542,78,0,20,6.5,14.25,13.5,0,1.5,1,0,0.75,0,0.25,0,1.75,0,0,0.5,0,0,0,0.25,0.75,0,3.5,8.5,3.75,0,0,0,18.519441808595,22.5552622957929,42.3817395899475,31.2044429856756,4.24442735303947,5.03939946212416,16.4810117812547,63.9571810686323,35.7093529182223
"320","wtwin",1874.00935020693,79,0,20,6.5,14.25,13.5,0,1.5,1,0,0.75,0,0.25,0,1.75,0,0,0.5,0,0,0,0.25,0.75,0,3.5,8.5,3.75,0,0,0,18.519441808595,22.5552622957929,42.3817395899475,31.2044429856756,4.24442735303947,5.03939946212416,16.4810117812547,63.9571810686323,35.7093529182223
"321","wtwin",1871.75721111148,80,0,20,6.5,14.25,13.5,0,1.5,1,0,0.75,0,0.25,0,1.75,0,0,0.5,0,0,0,0.25,0.75,0,3.5,8.5,3.75,0,0,0,18.519441808595,22.5552622957929,42.3817395899475,31.2044429856756,4.24442735303947,5.03939946212416,16.4810117812547,63.9571810686323,35.7093529182223
"322","wtwin",1869.48275890839,81,0,20,6.5,14.25,13.5,0,1.5,1,0,0.75,0,0.25,0,1.75,0,0,0.5,0,0,0,0.25,0.75,0,3.5,8.5,3.75,0,0,0,18.519441808595,22.5552622957929,42.3817395899475,31.2044429856756,4.24442735303947,5.03939946212416,16.4810117812547,63.9571810686323,35.7093529182223
