"","X1","X2","lake","year"
"1",-0.142761670807747,-0.494814616965147,"dunnigan",2018.9061796386
"2",-0.23572025555645,-0.423785729180418,"dunnigan",2017.48875747663
"3",-0.133366116417807,-0.0484570773096507,"dunnigan",2012.58593988094
"4",-0.139325469198805,0.202273272934536,"dunnigan",2009.10458224935
"5",-0.103611798958396,-0.163300687366125,"dunnigan",2004.91127645558
"6",-0.00104757109171597,-0.0808475884083437,"dunnigan",1999.98479249877
"7",0.556274232856377,0.385633777089581,"dunnigan",1994.30450361292
"8",0.0278062578829101,-0.190308298911201,"dunnigan",1987.87961835603
"9",0.30618944515896,-0.0561978281583709,"dunnigan",1980.73365971321
"10",0.279808821505402,-0.100641769620911,"dunnigan",1972.89015066958
"11",0.259202494575993,-0.0630148436180951,"dunnigan",1963.89882404707
"12",0.172393755627428,0.124160965801088,"dunnigan",1954.25085342768
"13",0.143221067063299,0.380195439153419,"dunnigan",1933.0477418946
"14",-0.0436440358478551,-0.060883238625866,"dunnigan",1911.02947937592
"15",-1.02688010246234,0.388604798516095,"dunnigan",1890.83672847281
"16",0.0263381014231727,0.135832764486745,"dunnigan",1871.03593043578
"17",0.0551228442475728,0.0655506601826647,"dunnigan",1851.38879258603
"18",0.404542701857769,-0.552336085286518,"finger",2019.27979699042
"19",0.0805455177043661,-0.507210639918023,"finger",2016.75767741984
"20",0.0159410948356276,-0.659397049236133,"finger",2013.3719533628
"21",-0.0622452300869558,-0.662912920267632,"finger",2009.1013846114
"22",-0.0829339656115011,0.0621441263149409,"finger",2003.96060972579
"23",-0.244488080552032,-0.202127043956637,"finger",1997.98931175807
"24",-0.366618257158411,-0.206546495047325,"finger",1990.95384950059
"25",-0.280730974919813,-0.176772541737513,"finger",1982.83982130321
"26",-0.260040182903833,-0.275553779690489,"finger",1974.0157695542
"27",-0.336467913158044,-0.230821607131795,"finger",1964.85023664187
"28",1.13414092540783,0.395810709928231,"finger",1954.99299152467
"29",1.17814740356243,-0.0722919673045832,"finger",1944.89455036725
"30",-0.0475973646616686,0.0180822811114971,"finger",1935.09150345991
"31",-0.257206677127355,0.218821753116309,"finger",1925.33483570131
"32",-0.288513002930043,0.308071141617756,"finger",1915.96266664365
"33",-0.344429240638218,0.494705719009368,"finger",1906.49877057153
"34",-0.203306463803551,0.541445170885868,"finger",1896.67008781538
"35",0.00510527246824705,0.311696595849936,"finger",1876.48563487879
"36",-0.0332579819536138,0.510018950766186,"finger",1866.00111491675
"37",-0.0105875803312277,0.685173680976555,"finger",1855.27850884305
"38",-0.34611395430615,-0.507101434984567,"burnt",2018.2741306454
"39",-0.225898485158697,-0.232731420494282,"burnt",2009.98885613295
"40",-0.448857566668835,-0.363936375385315,"burnt",2005.56143171556
"41",-0.423733868135441,-0.110877442112112,"burnt",2000.94401975649
"42",-0.724087292993432,0.160740086056727,"burnt",1996.12934758546
"43",-0.186751732324453,0.0838502080628109,"burnt",1991.11014253217
"44",-0.388667867011298,-0.11504968575669,"burnt",1985.8976767367
"45",-0.322167315429029,0.105541869465294,"burnt",1980.4994260537
"46",-0.315825330016108,0.254618009999416,"burnt",1974.9024233848
"47",0.547056672697819,0.555492191580861,"burnt",1969.09370163163
"48",0.116062600095067,0.794401372825272,"burnt",1956.47274889439
"49",-0.0873568023009794,0.282251739113085,"burnt",1943.21380555683
"50",0.242340244974836,-0.104417115457064,"burnt",1936.3785450589
"51",0.587989813525489,-0.0649211690884898,"burnt",1915.4905416618
"52",0.529414398628897,-0.0117983556376821,"burnt",1903.63441744737
"53",0.815227196651886,-0.434949901220205,"burnt",1879.26638262815
"54",0.631369287770428,-0.29111257696706,"burnt",1866.41878720072
"55",-0.30335289405554,0.361413813145336,"smoke",2018.72446718069
"56",-0.30539473457451,0.128674519600738,"smoke",2013.49635476518
"57",-0.31530183051599,0.88044287447934,"smoke",2008.22811257927
"58",-0.471082304054291,-0.0837767303417901,"smoke",2002.91243063353
"59",-0.347494067150383,0.0841448545943826,"smoke",1997.56344814645
"60",-0.437551279086581,-0.421695089862862,"smoke",1992.17680368553
"61",-0.064568706187039,0.200393054305869,"smoke",1986.75250432537
"62",-0.203432038623997,-0.292366848051492,"smoke",1981.3079883991
"63",-0.246064298508759,-0.528248842583475,"smoke",1975.84055651246
"64",-0.448297910778442,-0.37015016465023,"smoke",1970.34181805419
"65",-0.160602354509463,-0.111248239537837,"smoke",1964.82067453192
"66",-0.0331200430954073,0.0239499122503088,"smoke",1959.28602745332
"67",0.185285098250667,0.310980531143899,"smoke",1953.95330078796
"68",0.34979720630137,0.202753561501352,"smoke",1942.92706785226
"69",0.633795045826924,0.0336199481148754,"smoke",1918.94767786681
"70",0.875187006422451,-0.0296127433186875,"smoke",1901.95583078053
"71",0.650912219854415,-0.211014336400201,"smoke",1896.5259477088
"72",0.641285884484575,-0.178260074389525,"smoke",1885.16810372517
"73",-0.51529559303582,0.732414209299341,"elbow",2018.30048530253
"74",-0.636392335639788,0.608764666487057,"elbow",2015.61921617665
"75",-0.399533681907698,0.532654365640757,"elbow",2012.70722993108
"76",-0.487735413394294,-0.0637689987728747,"elbow",2006.20709609546
"77",-0.391038332825409,-0.149098721658802,"elbow",1998.77142276648
"78",-0.362829855946422,-0.253201044713144,"elbow",1990.34728848064
"79",-0.439047784013458,-0.451553891910453,"elbow",1980.8800528962
"80",-0.389346109220029,-0.418159921290183,"elbow",1975.76540047187
"81",-0.0636206412202192,-0.154176297380977,"elbow",1970.24258384513
"82",-0.0460391263160935,-0.153658382684091,"elbow",1964.31228902271
"83",-0.100292448966676,-0.164145038946398,"elbow",1958.19714843872
"84",-0.0597633072673754,-0.0697722495873135,"elbow",1952.11979452725
"85",0.0312948732712337,-0.181690255864054,"elbow",1945.98673870973
"86",0.221766425237492,-0.124824651541167,"elbow",1933.42356919473
"87",0.225398909123893,-0.135650755472037,"elbow",1921.4706677731
"88",0.195763277441889,-0.179210631617092,"elbow",1908.9748368605
"89",0.523180393982484,0.0538624218471599,"elbow",1895.14744354127
"90",0.561751251716924,0.19798898848366,"elbow",1872.41189691744
"91",0.963684668730778,0.337848188043064,"elbow",1864.18012770037
"92",0.742028497413186,0.0530351397850224,"elbow",1846.8614390917
"93",0.426066332835401,-0.0176571381474768,"elbow",1828.35028206991
"94",-0.921332931461366,-0.182591458664382,"etwin",2017.9476323635
"95",-0.630509658704434,0.159842922558201,"etwin",2013.32412091262
"96",-0.419310289206573,0.0892949090582322,"etwin",2012.12841986823
"97",-0.42191163698918,0.75092534106523,"etwin",2008.05318274791
"98",-0.283060267284568,0.622789425540965,"etwin",2003.17313182882
"99",-0.537223074973484,-0.0271223957367612,"etwin",2001.3514644965
"100",-0.523563780717477,-0.183158714779726,"etwin",1997.39490777349
"101",-0.265684845107657,-0.0178371923153181,"etwin",1992.99766995103
"102",-0.349938547499413,-0.196950271084595,"etwin",1988.15618878115
"103",0.0351648356575186,0.191486454773923,"etwin",1982.88277489639
"104",0.538306143413483,0.342232141521283,"etwin",1977.17357559163
"105",-0.12809024473889,-0.361741157431469,"etwin",1971.02473816175
"106",-0.134419277192562,-0.381612976663245,"etwin",1960.63876032325
"107",0.0741653997927268,0.0552687573609422,"etwin",1956.76591826269
"108",0.214645139607154,-0.533433641095062,"etwin",1940.91740327153
"109",0.707923172854531,0.142365626298248,"etwin",1924.08779138563
"110",0.744580500115497,0.152323748968976,"etwin",1919.70183966713
"111",0.859955955545759,0.101732683851081,"etwin",1901.89495506198
"112",0.375222484091113,-0.480494722242269,"etwin",1897.37166518548
"113",0.371904165167342,-0.460856975520362,"etwin",1883.49718567912
"114",0.69317675763048,0.217537494536109,"etwin",1878.76228876064
"115",-0.639077922717222,0.276640978816795,"flame",2014.67623246975
"116",-0.559459520895911,0.201383652810479,"flame",2009.17601095002
"117",-0.572413269369448,0.156776569870451,"flame",2003.45238186984
"118",-0.63355322869787,0.142704648549661,"flame",1997.49370167473
"119",-0.44108135328238,-0.326832178061943,"flame",1991.31043479879
"120",-0.427978336972409,-0.75335160247673,"flame",1984.90294945096
"121",-0.502841133146836,0.103851102099146,"flame",1978.25084530179
"122",-0.137294629371344,0.245847288029972,"flame",1971.33372202181
"123",0.101846152487816,-0.362822572258165,"flame",1964.21855409034
"124",0.126792071726344,-0.343897896851519,"flame",1956.85981924735
"125",-0.0612948735514987,0.237795237672658,"flame",1949.36459010076
"126",0.271891914563834,0.404650732449977,"flame",1941.47256264298
"127",0.490536511856322,-0.215209417154392,"flame",1933.19069394611
"128",0.485005768375301,-0.25200783097299,"flame",1924.29436940294
"129",0.311962906069379,0.296465012561212,"flame",1914.94977199159
"130",0.638933387021449,-0.349458601880041,"flame",1894.20058731494
"131",0.576887783035265,0.226366424813859,"flame",1873.95205150298
"132",0.971137772869207,0.311098451981568,"flame",1852.14266555697
"133",0.389078769615407,-0.210285142491979,"wtwin",2018.42262026012
"134",0.441077969592778,-0.564388165112183,"wtwin",2012.41272558974
"135",0.093673230021428,-0.0563228696021279,"wtwin",2007.40879222715
"136",-0.319652568826938,-0.412754737089175,"wtwin",2003.84527023618
"137",-0.292370002170058,-0.700729112429029,"wtwin",2002.00374529938
"138",-0.0648644452951436,-0.621060478931401,"wtwin",2000.12615817213
"139",-0.0355225804097778,-0.47013326882955,"wtwin",1998.21534418225
"140",0.464337227107309,-0.212776777109725,"wtwin",1996.27413865755
"141",0.351997443249099,0.0416256882433326,"wtwin",1994.30537692585
"142",0.387869419219129,0.117519474878866,"wtwin",1992.27133118634
"143",0.495163277103116,0.000939515880175807,"wtwin",1990.14379554302
"144",0.0812655856360487,-0.0413593308783018,"wtwin",1987.93988818097
"145",-0.0528659744165833,0.266336991223265,"wtwin",1985.67672728523
"146",0.279436591860806,0.371596673170619,"wtwin",1983.37143104087
"147",0.198059263017092,0.265890223393191,"wtwin",1981.04111763295
"148",-0.780416044292773,-0.044179958010986,"wtwin",1978.70290524653
"149",-0.877694634142662,0.16004393454587,"wtwin",1976.37391206667
"150",0.102217419208225,0.493003326824641,"wtwin",1974.07125627844
"151",0.189938510568861,0.388590233708318,"wtwin",1971.81205606689
"152",0.174315173120418,0.450390017691177,"wtwin",1957.90378935284
"153",0.133865091074971,0.222726180622284,"wtwin",1955.66457497716
"154",-0.316204851273483,0.0180521528215268,"wtwin",1947.24895667323
"155",-0.532489477969265,0.243441443511222,"wtwin",1939.28172645296
"156",-0.510214391598005,0.293833983969966,"wtwin",1932.08115753767
