"","Lake","botepth","Year","Ach. microcephala","Ach. minutissimum","Ach. minutissimum var. jackii","Amp. ovalis","Amp. iranensis","Ast. formosa","Aul. ambigua","Aul. granulata","Aul. humilis","Aul. pusila","Aul. subarctica","Aul. tenella","Bra. vitrea","Bra. microcephala","Bra. procera","Cal. limosa","Cal. sp.","Cav. jaernefeltii","Cav. pseudoscutiformis","Cav. sp.","Cha. mediocris","Cmb. anglica","Cmb. sp.","Coc. neothumensis","Coc. neodiminuta","Cyc. menegahniana","Cym. apiculata","Del. sp.1","Del. sp.3","Dip. boldtiana","Dip. finnica","Dis. pseudostelligera","Dis. stelligera","Enc. austriaca","Enc. ceasatii","Enc. sp.","Enp. sp.","Enp. microcephala","Enc. minutum","Enc. perigracile","Enc. silisaecum","Enc. thumensis","Eol. metafarta","Epi. adnata","Epi. gibba","Epi. sorex","Epi. sp.","Epi. turgida","Euc. flexella","Euc. laevis","Eun. arcubus","Eun. sp.","Euc. formica","Eun. incisa","Eun.naegeli","Eun. pectinalis","Eun. rhomboidea","Eun. tenella","Eun. sp.2","Eun. valida","Eun. zasumi","Fal. lenzii","Fra. crotonensis","Fra. mesolepta","Fra. stoermeriana","Fra. tenera","Fra. vaucheria","Frm. virecens","Frm. sp.1","Frm. sp.2","Fru. sp.1","Fru. sp.3","Fru. sp.4","Gei. sp. 4","GMS sp.1","Fru. inculata","Gog. exilis","Gog. rostellata","Gom. acuminatum","Gom. cf. minusculum","Gom. sp.1","Gom. gracile","Gom. insigne","Gom. Sp.","Gom. parvulum","Gom. vibrio","Gsp. grovei","Gyr. Attenuatatum","Han. amphyoxis","Hip. capitata","Kob. micropunctata","Kob. parasubtilissima","Lin. bodanica","Lin. comensis","Lin. comta","Lin. intermedia","Lin. michiganiana","Lut. mutica","Nav. cryptocephala","Nav. cryptotenella","Nav. wildii","Nav. menisculus","Nav. aurora","Nav. radians","Nav. radiosa","Nav. leptostriata","Nav. viridula","Nav. erifuga","Nav. Sp.","Nav. expecta","Nei. sp.","Nei. affinis","Nei. sp. 2","Nit. tenuis","Nit. amphibia","Nit. palea var. tenuirostris","Nit. palea var. debilis","Nit. dissipata","Nit. leiberthruthii","Nit. fonticola","Nit. linearis","Nit. palea","Nit. paleacea","Nit. perminuta","Nup. vitiosa","Nup.elegantula","Nup. subrostrata","Nup. sp.","Nup. neglecta","Nup. wellneri","Pin. rupestris","Pin. Braunii","Pin. gibba","Pin. acrosphaeria","Pin. braunii","Pin. microstauron","Pin. gibbiformis","Pin. subanglica","Pin. subgibba","Pin. viridis","Pin. divergens","Pin. marchica","Plc. Hustedtii","Plc. clementis","Plc. explanata","Plc. symmetrica","Pla. abbreviatum","Pla. biporomum","Pla. frequentissima","Pla. joursacense","Pla. rostratum","Pla. sp.1","Plt. kingstonii","Psa. levanderii","Psa. didymum","Psa. harveyi","Pse. binodis","Pse. brevistriata-inflata","Pse. brevistriata","Pse. elliptica","Pse. cf. microstriata","Pse. microstriata","Pse. parasititica","Pse. pseudoconstruens","Pse. robusta","Pun. lancettula","Ros. anastasiae","Ros. pusillum","Sel. atomoides","Sel. auldrekie","Sel. blackfordensis","Sel. laevissima","Sel. cf. ventralis","Sel. cf. submularis","Sel. cf. vitabunda","Sel. pupula","Sel. moesta","Sel. nigri","Sel. saugerresii","Sel. schadei","Sel. schoenfeldii","Sel. subbacillum","Sel. sp.","Ska. oestrupii","Ska. peragalloi","Stl. cf. similoides","Stl. minuta","Sta. anasta","Sta. berolinensis","Sta. construens","Sta. construens MN2","Sta. ovata","Sta. pinnata","Sta. venter","Ste. niagare","Str. obtusa","Str. gracilis","Str. kriegeri","Str. phoencentron","Str. sp.","Str. sp. 2","Str. smithii","Str. separanda","Str. angusta","Str. bifrons","Sur. tenera","Sur. terryi","Tab. fenestrata","Tab. flocculosa","Tab. flocculosa IV","Tet. sp.","Uln. acus","Uln. capitata","Uln. ulna"
"1","Finger",2,2019,0,0,0,9,0,24,46,16,0,0,0,0,1,0,0,0,2,0,1,0,0,0,0,0,0,4,0,0,0,0,1,7,8,0,0,0,0,5,0,0,1,0,19,0,0,0,0,0,0,1,0,0,1,0,0,0,1,0,0,0,11,0,0,21,0,1,2,1,0,0,0,0,0,0,0,0,0,0,0,0,0,0,0,0,0,0,0,0,0,0,0,0,2,0,0,10,0,0,1,0,0,0,0,1,0,0,0,0,0,0,0,1,0,0,1,0,0,0,0,0,3,0,0,0,0,0,0,0,0,0,0,2,0,1,0,0,0,0,0,0,0,0,0,1,0,0,0,0,0,0,1,0,0,0,0,0,0,3,0,9,0,3,0,0,0,0,0,1,0,0,0,2,1,0,0,1,0,28,17,0,0,0,0,0,0,0,0,2,1,5,0,0,26,61,2,1,0,0,0,0,0,2,0,1,1,1,0,0,19,5,0,0,0,1
"2","Finger",4,2013,0,0,0,6,0,27,41,23,0,0,0,0,0,0,0,0,1,0,2,0,0,0,0,0,0,3,0,0,0,0,1,10,5,0,0,0,0,4,0,0,1,0,16,0,0,0,1,0,1,1,0,0,3,1,0,1,0,0,0,0,9,0,0,26,0,0,3,0,0,0,0,0,0,0,0,0,0,0,0,0,0,0,0,0,0,1,1,1,0,1,0,0,3,0,0,16,0,0,0,0,0,0,0,3,0,0,0,0,0,0,0,0,0,0,0,0,0,0,0,1,0,0,0,0,0,0,0,0,0,0,0,0,0,0,0,0,0,0,2,1,0,0,0,0,0,0,2,0,1,0,0,0,0,0,0,0,0,4,0,12,0,2,3,0,0,0,0,0,0,0,0,3,0,0,0,1,0,23,21,0,0,0,0,0,0,0,0,3,0,7,0,0,31,47,3,0,0,0,1,0,0,3,0,0,1,0,1,0,13,2,0,0,0,0
"3","Finger",6,2004,0,0,0,3,0,12,49,29,0,0,0,0,2,0,0,0,0,0,2,0,0,0,0,0,0,0,1,0,0,0,2,13,1,0,0,0,0,1,0,0,0,0,16,0,0,0,0,0,1,0,0,0,0,1,0,0,1,0,0,0,5,0,0,23,0,0,2,1,0,0,0,0,0,0,0,0,0,0,0,0,0,0,0,0,0,0,1,0,0,1,0,0,0,0,0,14,0,0,0,1,0,0,0,0,0,0,0,0,0,0,0,0,0,0,1,0,0,0,0,0,1,0,1,0,0,0,0,0,0,0,0,3,0,0,0,0,0,0,2,1,0,0,0,1,0,0,1,0,2,0,0,0,0,0,0,0,0,3,0,2,0,2,1,0,0,0,0,0,0,0,0,0,1,0,0,0,0,24,16,0,0,0,0,0,0,0,0,3,0,14,0,0,30,72,1,0,0,0,0,0,0,3,0,0,0,0,0,0,25,6,0,2,0,0
"4","Finger",7,1998,0,0,0,1,0,14,60,27,0,0,0,0,3,0,0,0,3,0,0,0,0,0,0,0,0,4,0,0,0,0,0,15,4,0,0,0,0,1,0,0,2,0,12,0,0,0,0,0,0,0,0,0,2,0,0,1,0,0,0,0,8,0,0,24,0,1,2,0,0,0,0,0,0,0,0,0,0,0,0,0,0,0,0,0,0,0,0,0,0,1,0,0,0,0,0,15,0,0,0,0,0,0,0,1,0,0,0,0,0,0,0,0,0,0,1,0,0,0,0,1,0,0,1,0,0,0,0,0,0,0,0,2,0,0,0,0,0,0,2,3,0,0,0,2,0,0,1,0,2,0,0,0,0,0,0,0,0,4,0,2,0,1,0,0,0,0,0,0,0,0,0,1,1,0,0,0,0,24,23,0,0,0,0,0,0,0,0,3,0,12,0,0,25,58,0,0,0,0,0,0,0,3,0,0,1,1,1,0,18,6,0,0,0,0
"5","Finger",9,1983,0,0,0,5,0,9,52,12,0,0,0,0,1,0,0,0,4,0,3,0,0,0,0,0,0,2,0,0,0,0,0,22,4,0,0,0,0,4,0,0,1,0,4,0,0,0,0,0,0,0,0,0,1,0,0,0,1,0,0,0,5,0,0,23,0,0,3,1,0,0,0,0,0,0,0,0,0,0,0,0,0,0,0,0,0,1,0,1,0,1,0,0,2,0,0,14,0,0,1,0,0,0,0,0,0,0,0,0,0,0,0,1,0,0,1,0,0,0,0,0,1,0,0,0,0,0,0,0,0,0,0,0,0,2,0,0,0,0,0,2,0,0,0,0,0,0,1,0,1,0,0,0,0,0,0,0,0,1,0,6,0,3,1,0,0,0,0,1,0,0,0,0,1,0,0,1,0,37,33,0,0,0,0,0,0,0,0,0,0,9,0,0,22,67,1,0,0,0,0,0,0,1,0,1,0,1,1,0,21,5,0,1,0,0
"6","Finger",11,1965,0,0,0,7,0,17,61,17,0,0,0,0,0,0,0,0,2,0,1,0,0,0,0,0,0,2,0,0,0,0,0,13,3,0,0,0,0,2,0,0,0,0,14,0,0,0,0,0,0,2,0,0,1,2,0,1,2,0,0,0,7,0,0,26,0,0,1,0,0,0,0,0,0,0,0,0,0,0,0,0,0,0,0,0,0,0,1,2,0,0,0,0,2,0,0,11,0,0,0,1,0,0,0,0,0,0,0,0,0,0,0,0,0,0,0,0,0,0,0,0,1,1,1,0,0,0,0,0,0,0,0,0,0,0,0,0,0,0,3,3,0,0,0,0,0,0,1,0,2,0,0,0,0,0,0,0,0,1,0,2,0,1,3,0,0,0,0,1,0,0,0,0,1,0,0,0,0,26,17,0,0,0,0,0,0,0,0,2,0,11,0,0,23,68,2,1,0,0,1,0,0,3,0,0,1,0,1,0,20,4,0,1,0,0
"7","Finger",12,1954,0,0,0,0,0,3,49,21,0,0,0,0,2,0,0,0,0,0,1,0,0,0,0,0,0,0,0,0,0,0,0,9,3,0,0,0,0,3,0,0,1,0,11,0,0,0,0,0,1,0,0,0,1,0,0,0,1,0,0,0,8,0,0,21,0,0,3,1,0,0,0,0,0,0,0,0,0,0,0,0,0,0,0,0,0,1,3,1,0,2,0,0,2,0,0,13,0,0,1,0,0,0,0,0,0,0,0,0,0,0,0,1,0,0,3,0,0,0,0,0,1,0,0,0,0,0,0,0,0,0,0,4,0,3,0,0,0,0,1,0,0,0,0,0,0,0,0,0,2,0,3,0,0,0,0,0,0,1,0,11,0,3,2,0,0,0,0,0,0,0,0,3,0,0,0,1,0,29,24,0,0,0,0,0,0,0,0,0,0,17,0,0,29,63,0,0,0,0,2,0,0,1,0,2,0,0,0,0,22,8,0,2,0,0
"8","Finger",13,1945,0,0,0,4,0,15,51,17,0,0,0,0,3,0,0,0,4,0,0,0,0,0,0,0,0,4,0,0,0,0,1,7,2,0,0,0,0,2,0,0,1,0,9,0,0,0,0,0,0,0,0,0,3,1,0,1,1,0,0,0,9,0,0,20,0,0,2,1,0,0,0,0,0,0,0,0,0,0,0,0,0,0,0,0,0,0,0,2,0,0,0,0,0,0,0,16,0,0,1,1,0,0,0,2,0,0,0,0,0,0,0,1,0,0,1,0,0,0,0,1,2,1,3,0,0,0,0,0,0,0,0,1,0,2,0,0,0,0,2,3,0,0,0,1,0,0,0,0,3,0,1,0,0,0,0,0,0,4,0,10,0,3,4,0,0,0,0,0,0,0,0,4,0,0,0,1,0,17,23,0,0,0,0,0,0,0,0,2,2,10,0,0,25,68,0,0,0,0,0,0,0,3,0,1,1,1,1,0,15,3,0,0,0,0
"9","Finger",14,1935,0,0,0,2,0,8,61,23,0,0,0,0,2,0,0,0,0,0,1,0,0,0,0,0,0,5,1,0,0,0,0,9,2,0,0,0,0,6,0,0,1,0,10,0,0,0,0,0,0,0,0,0,0,2,0,0,0,0,0,0,5,0,0,25,0,0,1,0,0,0,0,0,0,0,0,0,0,0,0,0,0,0,0,0,0,0,0,0,0,1,0,0,2,0,0,11,0,0,1,1,0,0,0,0,0,0,0,0,0,0,0,0,0,0,0,0,0,0,0,3,0,1,0,0,0,0,0,0,0,0,0,0,0,3,0,0,0,0,1,1,0,0,0,3,0,0,0,0,0,0,2,0,0,0,0,0,0,2,0,8,0,1,2,0,0,0,0,0,0,0,0,0,0,0,0,1,0,24,21,0,0,0,0,0,0,0,0,2,1,6,0,0,36,72,3,1,0,0,0,0,0,0,0,1,0,1,1,0,17,4,0,1,0,1
"10","Finger",15,1925,0,0,0,3,0,10,57,31,0,0,0,0,3,0,0,0,3,0,3,0,0,0,0,0,0,1,0,0,0,0,0,7,4,0,0,0,0,3,0,0,0,0,14,0,0,0,0,0,0,0,0,0,3,2,0,0,1,0,0,0,10,0,0,11,0,1,0,1,0,0,0,0,0,0,0,0,0,0,0,0,0,0,0,0,0,0,1,0,0,0,0,0,0,0,0,10,0,0,1,1,0,0,0,1,0,0,0,0,0,0,0,1,0,0,1,0,0,0,0,1,1,1,1,0,0,0,0,0,0,0,0,2,0,2,0,0,0,0,3,0,0,0,0,3,0,0,0,0,0,0,1,0,0,0,0,0,0,3,0,2,0,3,0,0,0,0,0,0,0,0,0,3,0,0,0,1,0,28,23,0,0,0,0,0,0,0,0,1,0,6,0,0,30,68,1,1,0,0,1,0,0,0,0,1,1,2,1,0,18,5,0,1,0,1
"11","Finger",16,1915,0,0,0,0,0,12,51,32,0,0,0,0,4,0,0,0,1,0,1,0,0,0,0,0,0,1,0,0,0,0,2,12,4,0,0,0,0,2,0,0,2,0,4,0,0,0,0,0,0,0,0,0,2,1,0,1,1,0,0,0,4,0,0,19,0,1,1,0,0,0,0,0,0,0,0,0,0,0,0,0,0,0,0,0,0,0,1,0,0,1,0,0,3,0,0,3,0,0,1,0,0,0,0,1,0,0,0,0,0,0,0,0,0,0,1,0,0,0,0,0,0,0,0,0,0,0,0,0,0,0,0,2,0,3,0,0,0,0,3,3,0,0,0,3,0,0,0,0,2,0,1,0,0,0,0,0,0,1,0,8,0,0,1,0,0,0,0,1,0,0,0,4,0,0,0,0,0,30,24,0,0,0,0,0,0,0,0,3,1,12,0,0,28,72,3,0,0,0,0,0,0,0,0,0,1,0,0,0,17,7,0,1,0,0
"12","Finger",17,1907,0,0,0,4,0,7,59,35,0,0,0,0,0,0,0,0,3,0,1,0,0,0,0,0,0,3,0,0,0,0,0,11,2,0,0,0,0,1,0,0,0,0,4,0,0,0,0,0,0,0,0,0,1,2,0,1,0,0,0,0,7,0,0,17,0,0,0,1,0,0,0,0,0,0,0,0,0,0,0,0,0,0,0,0,0,0,0,0,0,0,0,0,0,0,0,7,0,0,1,0,0,0,0,1,0,0,0,0,0,0,0,1,0,0,1,0,0,0,0,1,2,1,0,0,0,0,0,0,0,0,0,2,0,0,0,0,0,0,0,2,0,0,0,0,0,0,2,0,1,0,2,0,0,0,0,0,0,1,0,3,0,3,2,0,0,0,0,1,0,0,0,1,0,0,0,0,0,22,20,0,0,0,0,0,0,0,0,2,1,14,0,0,36,81,3,1,0,0,1,0,0,2,0,0,1,0,0,0,15,5,0,1,0,1
"13","Finger",18,1897,0,0,0,0,0,7,63,34,0,0,0,0,0,0,0,0,3,0,3,0,0,0,0,0,0,1,2,0,0,0,0,10,6,0,0,0,0,4,0,0,0,0,6,0,0,0,0,0,0,0,0,0,0,2,0,0,1,0,0,0,5,0,0,13,0,0,3,0,0,0,0,0,0,0,0,0,0,0,0,0,0,0,0,0,0,0,0,0,0,1,0,0,3,0,0,10,0,0,0,1,0,0,0,0,0,0,0,0,0,0,0,1,0,0,0,0,0,0,0,1,0,0,1,0,0,0,0,0,0,0,0,0,0,3,0,0,0,0,2,1,0,0,0,1,0,0,0,0,0,0,0,0,0,0,0,0,0,2,0,2,0,3,0,0,0,0,0,0,0,0,0,3,1,0,0,0,0,31,25,0,0,0,0,0,0,0,0,3,0,12,0,0,32,68,0,1,0,0,0,0,0,3,0,0,0,1,0,0,18,7,0,0,0,0
"14","Finger",20,1875,0,0,0,0,0,16,64,24,0,0,0,0,3,0,0,0,0,0,1,0,0,0,0,0,0,1,0,0,0,0,0,11,4,0,0,0,0,0,0,0,1,0,13,0,0,0,0,0,0,0,0,0,3,2,0,1,1,0,0,0,4,0,0,15,0,0,2,0,0,0,0,0,0,0,0,0,0,0,0,0,0,0,0,0,0,0,1,0,0,0,0,0,2,0,0,6,0,0,0,1,0,0,0,0,0,0,0,0,0,0,0,0,0,0,0,0,0,0,0,1,0,1,1,0,0,0,0,0,0,0,0,1,0,0,0,0,0,0,1,2,0,0,0,0,0,0,2,0,0,0,1,0,0,0,0,0,0,1,0,7,0,2,3,0,0,0,0,0,0,0,0,3,1,0,0,0,0,26,23,0,0,0,0,0,0,0,0,1,1,13,0,0,27,70,2,1,0,0,0,0,0,1,0,0,0,1,0,0,22,7,0,1,0,1
"15","Finger",21,1866,0,0,0,2,0,12,65,28,0,0,0,0,2,0,0,0,1,0,3,0,0,0,0,0,0,4,0,0,0,0,0,9,1,0,0,0,0,4,0,0,1,0,8,0,0,0,0,0,0,0,0,0,2,1,0,1,0,0,0,0,10,0,0,13,0,0,1,0,0,0,0,0,0,0,0,0,0,0,0,0,0,0,0,0,0,1,0,0,0,0,0,0,2,0,0,5,0,0,1,1,0,0,0,0,0,0,0,0,0,0,0,1,0,0,0,0,0,0,0,0,0,1,1,0,0,0,0,0,0,0,0,1,0,0,0,0,0,0,2,0,0,0,0,0,0,0,1,0,0,0,1,0,0,0,0,0,0,3,0,4,0,0,0,0,0,0,0,0,0,0,0,3,0,0,0,1,0,29,19,0,0,0,0,0,0,0,0,3,1,10,0,0,35,73,1,0,0,0,0,0,0,1,0,1,0,1,0,0,22,6,0,1,0,0
"16","Elbow",2,2018,1,16,0,0,0,56,48,28,0,0,47,0,8,0,0,0,2,0,0,0,0,0,0,0,0,0,0,0,0,0,0,0,11,0,0,0,0,0,0,0,0,0,0,0,0,0,0,0,0,1,0,0,2,0,0,0,0,0,0,0,7,0,28,0,0,7,2,0,0,0,0,0,0,0,0,0,0,0,0,0,0,0,0,0,1,0,0,0,0,0,0,0,0,0,0,21,0,0,0,1,0,0,0,0,0,0,0,0,0,0,0,0,0,0,2,0,0,0,0,2,0,9,0,0,0,0,0,0,0,0,0,0,0,0,0,0,0,0,0,0,0,0,1,0,0,0,0,0,0,0,0,0,0,0,0,0,0,3,0,5,0,5,3,0,0,0,0,4,0,0,0,0,0,0,0,0,0,6,9,0,0,0,0,0,0,0,0,1,0,0,0,2,8,17,2,0,0,0,1,0,0,0,0,0,0,0,0,5,20,8,0,0,0,0
"17","Elbow",4,2013,4,16,0,0,0,16,85,39,0,0,39,0,0,0,0,0,0,0,0,0,0,0,0,0,0,0,0,0,0,0,0,0,16,0,0,0,0,0,0,0,0,0,0,0,0,0,0,0,0,0,0,0,0,8,0,0,0,0,0,0,0,0,48,0,0,4,0,0,0,0,0,0,0,0,0,0,0,0,8,0,0,0,0,0,0,0,0,0,0,0,0,0,0,0,0,24,0,0,0,3,0,0,0,0,0,0,2,0,0,0,1,0,0,0,0,0,0,0,0,0,0,0,0,0,0,0,0,0,0,0,0,4,0,0,0,0,0,0,0,0,0,0,0,0,0,0,0,0,6,0,4,0,4,0,0,0,0,0,0,1,0,0,3,2,0,0,0,0,0,0,0,0,0,0,0,0,0,4,2,0,0,0,0,0,0,0,0,3,0,4,0,0,0,18,4,0,0,0,0,0,0,0,0,0,0,0,0,24,0,0,0,4,0,0
"18","Elbow",6,2006,0,17,0,0,0,18,113,42,0,0,65,0,0,0,0,0,0,0,0,0,0,0,0,0,1,0,0,0,0,0,0,0,0,0,0,0,0,0,0,0,0,0,0,0,0,0,0,0,0,0,0,0,0,0,0,0,0,0,0,0,0,0,11,0,0,0,0,0,0,0,0,0,0,0,0,0,0,0,0,0,0,0,0,0,0,0,0,0,0,0,0,0,0,0,0,6,0,0,0,0,0,0,0,0,0,0,0,0,0,0,0,0,0,0,0,0,0,0,0,0,0,1,0,0,0,0,0,0,0,0,0,0,0,0,0,0,0,0,0,0,0,0,0,0,0,0,0,0,1,0,3,0,0,0,0,0,0,0,1,3,0,0,3,3,0,0,0,0,0,0,0,0,0,0,0,0,0,2,1,0,0,0,0,0,0,0,0,0,0,1,0,0,0,74,3,0,0,0,0,0,0,0,0,0,0,0,0,31,0,0,0,0,0,0
"19","Elbow",8,1999,0,19,0,0,0,11,97,56,0,0,63,0,0,0,0,0,0,0,0,0,0,0,0,0,0,0,0,0,0,0,0,0,0,0,0,0,0,0,0,0,0,0,0,0,0,0,0,0,0,0,0,0,0,0,0,0,0,0,0,0,0,0,0,0,0,0,0,0,0,0,0,0,0,0,0,0,0,0,0,0,0,0,0,0,0,0,0,0,0,0,0,0,0,0,0,4,0,0,0,0,0,0,0,0,0,0,0,0,0,0,0,0,0,0,0,0,0,0,0,0,0,0,0,0,0,0,0,0,0,0,0,0,0,0,0,0,0,0,0,0,0,0,0,0,0,0,0,0,0,0,1,0,0,0,0,0,0,3,2,0,0,0,0,0,0,0,0,0,0,0,0,0,0,0,0,0,0,4,3,0,0,0,0,0,0,0,0,4,0,0,0,0,0,98,2,0,0,0,0,0,0,0,0,0,0,0,0,31,1,1,0,0,0,0
"20","Elbow",10,1990,1,7,0,0,0,7,91,52,0,0,71,0,0,0,0,0,0,1,0,0,0,0,0,0,0,0,0,0,0,0,0,0,0,0,0,0,0,0,0,0,0,0,0,0,0,0,0,0,0,0,0,0,0,0,0,0,0,0,0,0,0,0,0,0,0,0,0,0,0,0,0,0,0,0,0,0,0,0,0,0,0,0,0,0,0,0,0,0,0,0,0,0,0,0,0,5,0,0,0,0,0,0,0,0,0,0,1,0,0,0,0,0,0,0,0,0,0,0,0,0,0,1,0,0,0,0,0,0,0,0,0,0,0,0,0,0,0,0,0,0,0,0,0,0,0,0,0,0,1,0,0,0,1,0,0,0,0,2,1,1,0,1,1,1,0,0,0,0,0,0,0,0,0,0,0,0,0,4,2,0,0,0,0,0,0,0,0,1,0,3,0,0,0,111,3,0,0,0,0,0,0,0,0,0,0,0,0,29,0,0,0,1,0,0
"21","Elbow",12,1981,0,11,0,0,0,10,107,56,0,0,54,0,0,0,0,0,0,0,0,0,0,0,0,0,0,0,0,0,0,0,0,0,0,0,0,0,0,0,0,0,0,0,0,0,0,0,0,0,0,0,0,0,0,0,0,0,0,0,0,0,0,0,0,0,0,0,0,0,0,0,0,0,0,0,0,0,0,0,0,0,0,0,0,0,0,0,0,0,0,0,0,0,0,0,0,4,0,0,0,1,0,0,0,0,0,0,0,0,0,0,0,0,0,0,0,0,0,0,0,0,0,0,0,0,0,0,0,0,0,0,0,0,0,0,0,0,0,0,0,0,0,0,0,0,0,0,0,0,3,0,2,0,1,0,0,0,0,2,0,0,0,0,1,1,0,0,0,0,0,0,0,0,0,0,0,0,0,0,4,0,0,0,0,0,0,0,0,2,0,6,0,0,0,100,1,0,0,0,0,0,0,0,0,0,0,0,0,34,0,0,0,0,0,0
"22","Elbow",13,1976,3,16,0,0,0,6,96,55,0,0,58,0,0,0,0,0,0,0,0,0,0,0,0,0,0,0,0,0,0,0,0,0,0,0,0,0,0,0,0,0,0,0,0,0,0,0,0,0,0,0,0,0,0,0,0,0,0,0,0,0,0,0,0,0,0,0,0,0,0,0,0,0,0,0,0,0,0,0,0,0,0,0,0,0,0,0,0,0,0,0,0,0,0,0,0,5,0,0,0,0,0,0,0,0,0,0,0,0,0,0,0,0,0,0,0,0,0,0,0,0,0,0,0,0,0,0,0,0,0,0,0,0,0,0,0,0,0,0,0,0,0,0,0,0,0,0,0,0,4,0,4,0,2,0,0,0,0,0,3,2,0,0,0,2,0,0,0,0,0,0,0,0,0,0,0,0,0,2,1,0,0,0,0,0,0,0,0,1,0,9,0,0,0,92,3,0,0,0,0,0,0,0,0,0,0,0,0,26,6,4,0,0,0,0
"23","Elbow",15,1964,0,13,0,0,0,9,101,46,0,0,59,0,0,0,0,0,0,0,0,0,0,0,0,0,0,0,0,0,0,0,0,0,0,0,0,0,0,0,0,0,0,0,0,0,0,0,0,0,0,0,0,0,0,0,0,0,0,0,0,0,0,0,0,0,0,0,0,0,0,0,0,0,0,0,0,0,0,0,0,0,0,0,0,0,0,0,0,0,0,0,0,0,0,0,0,7,0,0,0,0,0,0,0,0,0,0,0,0,0,0,0,0,0,0,0,0,0,0,0,0,0,0,0,0,0,0,0,0,0,0,0,0,0,0,0,0,0,0,0,0,0,0,0,0,0,0,0,0,2,0,0,0,1,0,0,0,0,0,1,2,0,3,3,1,0,0,0,0,0,0,0,0,0,0,0,0,0,1,5,0,0,0,0,0,0,0,0,3,0,16,0,0,0,101,0,0,0,0,0,0,0,0,0,0,0,0,0,25,1,0,0,0,0,0
"24","Elbow",17,1952,0,4,0,0,0,8,104,32,0,4,48,0,0,0,0,0,0,0,0,0,0,0,0,0,4,0,0,0,0,0,0,0,0,0,0,0,0,0,0,0,0,0,0,1,0,0,0,0,0,1,0,0,0,0,0,0,0,0,0,0,0,0,3,0,0,0,0,0,0,0,0,0,0,0,0,0,0,0,0,0,0,0,0,3,0,0,0,0,0,0,0,0,0,0,0,8,0,0,0,0,0,0,0,0,0,0,0,0,0,0,0,0,0,0,0,0,0,0,0,0,3,2,0,0,0,0,0,0,0,0,0,0,0,0,0,0,0,0,0,0,0,0,0,0,0,0,0,0,1,0,2,0,2,0,0,0,0,0,5,2,0,3,3,1,0,0,0,0,0,0,0,0,0,0,0,0,0,0,0,0,0,0,0,0,0,0,0,1,0,13,0,0,4,104,0,0,0,0,0,0,0,0,0,0,0,0,0,23,4,6,0,1,0,0
"25","Elbow",18,1946,0,14,0,0,0,6,131,43,0,0,44,0,0,0,0,0,0,0,0,0,0,0,0,0,1,0,0,0,0,0,0,0,0,0,0,0,0,0,0,0,0,0,0,0,0,0,0,0,0,0,0,0,0,0,0,0,0,0,0,0,0,0,0,0,0,0,0,0,0,0,0,0,0,0,0,0,1,0,0,0,0,0,0,0,0,0,0,0,0,0,0,0,0,0,0,11,0,0,0,0,0,0,0,0,1,0,0,0,0,0,0,0,0,0,0,0,0,0,0,0,0,0,0,0,0,0,0,0,0,0,0,0,0,0,0,0,0,0,0,0,0,0,0,0,0,0,0,0,0,0,0,0,2,0,0,0,0,1,4,3,0,2,2,0,0,0,0,0,0,0,0,0,0,0,0,0,0,0,1,0,0,0,0,0,0,0,0,0,0,19,0,0,0,93,1,0,0,0,0,0,0,0,0,0,0,0,0,18,2,0,0,0,0,0
"26","Elbow",20,1933,0,21,0,0,0,0,152,33,0,3,31,0,0,0,0,0,0,0,0,0,0,0,0,0,0,0,0,0,0,0,0,0,0,0,0,0,0,0,0,0,0,0,0,0,0,0,0,0,0,0,0,0,0,0,0,0,0,0,0,0,0,0,0,0,0,0,0,0,0,0,0,0,0,0,0,0,0,0,0,0,0,0,0,0,0,0,0,0,0,0,0,0,0,0,0,6,0,0,0,2,0,0,0,0,0,0,0,0,0,0,0,0,0,0,0,0,0,0,0,0,0,0,0,0,0,0,0,0,0,0,0,0,0,0,0,0,0,0,0,0,0,0,0,0,0,0,0,0,0,0,3,0,1,0,0,0,0,3,3,2,0,2,1,0,0,0,0,0,0,0,0,0,0,0,0,0,0,3,1,0,0,0,0,0,0,0,0,4,0,28,0,0,0,70,3,0,0,0,0,0,0,0,0,0,0,0,0,23,4,1,0,0,0,0
"27","Elbow",22,1922,0,9,0,0,0,1,173,21,0,0,36,0,0,0,0,0,0,1,0,0,0,0,0,0,3,0,0,0,0,0,0,0,0,0,0,0,0,0,0,0,0,0,0,2,0,0,0,0,0,0,0,0,0,0,0,0,0,0,0,0,0,0,0,0,0,0,0,0,0,0,0,0,0,0,0,0,0,0,0,0,0,0,1,0,0,0,0,0,0,0,0,0,0,0,0,7,0,0,0,0,0,0,0,0,0,0,0,0,0,0,0,0,0,0,0,0,0,0,0,0,4,1,0,0,0,0,0,0,0,0,0,0,0,0,0,0,0,0,0,0,0,0,0,0,0,0,0,0,1,0,4,0,0,0,0,0,0,5,5,3,0,3,3,0,0,0,0,0,0,0,0,0,0,0,0,0,0,4,1,0,0,0,0,0,0,0,0,1,0,27,0,0,0,70,0,0,0,0,0,0,0,0,0,0,0,0,0,13,1,0,0,0,0,0
"28","Elbow",24,1909,0,15,0,0,0,3,207,28,0,4,26,0,0,0,0,0,0,0,0,0,0,0,0,0,0,0,0,0,0,0,0,0,0,0,0,0,0,0,0,0,0,0,0,0,0,0,0,0,0,0,0,0,0,0,0,0,0,0,0,0,0,0,0,0,0,0,0,0,0,0,0,0,0,0,0,0,0,0,0,0,0,0,0,0,0,0,0,0,0,0,0,0,0,0,0,9,0,0,0,0,0,0,0,0,0,0,0,0,0,0,0,0,0,0,0,0,0,0,0,0,0,0,0,0,0,0,0,0,0,0,0,0,0,0,0,0,0,0,0,0,0,0,0,0,0,0,0,0,4,0,2,0,2,0,0,0,0,2,1,2,0,3,3,1,0,0,0,0,0,0,0,0,0,0,0,0,0,0,1,0,0,0,0,0,0,0,0,0,0,22,0,0,0,55,3,0,0,0,0,0,0,0,0,0,0,0,0,0,7,0,0,0,0,0
"29","Elbow",29,1872,0,3,0,0,0,4,159,20,0,0,28,0,0,0,0,0,0,4,0,0,0,0,0,0,2,0,0,0,0,0,0,4,8,0,0,0,0,0,0,0,0,0,0,1,0,0,0,1,0,0,0,0,0,0,0,0,0,0,0,0,0,0,0,0,0,0,4,0,0,0,0,0,0,0,0,0,0,0,0,0,0,0,0,0,0,0,0,0,0,4,0,0,0,0,0,12,0,0,0,0,0,0,0,0,0,0,1,0,0,0,0,0,0,0,0,0,0,0,0,8,0,6,0,0,0,0,0,0,0,0,0,0,0,0,0,0,0,0,0,0,0,0,0,0,0,0,0,0,0,0,4,0,1,0,0,0,0,8,0,2,0,3,0,0,0,0,0,0,0,0,0,4,0,0,0,0,4,5,0,0,0,0,0,0,0,0,0,4,0,32,4,0,4,40,1,0,0,0,0,0,0,0,0,0,0,0,0,5,8,1,0,1,0,0
"30","Elbow",32,1847,0,11,0,0,0,0,194,17,0,1,30,0,0,0,0,0,0,0,0,0,0,0,0,0,0,0,0,0,0,0,0,0,0,0,0,0,0,0,0,0,0,0,0,0,0,0,0,0,0,0,0,0,0,0,0,0,0,0,0,0,0,0,0,0,0,0,0,0,0,0,0,0,0,0,0,0,0,0,0,0,0,0,0,1,0,0,0,0,0,0,0,0,0,0,0,16,0,0,0,0,0,0,0,0,0,0,0,0,0,0,0,0,0,0,0,0,0,0,0,0,0,0,0,0,0,0,0,0,0,0,0,0,0,0,0,0,0,0,0,0,0,0,0,0,0,0,0,0,5,0,2,0,2,0,0,0,0,3,4,1,0,0,2,1,0,0,0,0,0,0,0,0,0,0,0,0,0,2,1,0,0,0,0,0,0,0,0,3,0,35,0,0,0,49,2,0,0,0,0,0,0,0,0,0,0,0,0,10,8,0,0,0,0,0
"31","Elbow",34,1828,0,13,0,0,0,1,210,16,0,0,27,0,0,0,0,0,0,3,0,0,0,0,0,0,0,0,0,0,0,0,0,0,0,0,0,0,0,0,0,0,0,0,0,0,0,0,0,0,0,0,0,0,0,0,0,0,0,0,0,0,0,0,0,0,0,0,0,0,0,0,0,0,0,0,0,0,0,0,0,0,0,0,0,0,0,0,0,0,0,0,0,0,0,0,0,8,0,0,0,0,0,0,0,0,0,0,0,0,0,0,0,0,0,0,0,0,0,0,0,0,0,1,0,0,0,0,0,0,0,0,0,0,0,0,0,0,0,0,0,0,0,0,0,0,0,0,0,0,2,0,4,0,2,0,0,0,0,6,0,3,0,0,3,3,0,0,0,0,0,0,0,0,0,0,0,0,0,4,1,0,0,0,0,0,0,0,0,5,0,28,0,0,0,52,1,0,0,0,0,0,0,0,0,0,0,0,0,2,5,0,0,0,0,0
"32","Smoke",2,2019,0,3,0,0,0,29,115,3,0,8,0,2,0,0,0,0,0,0,0,0,0,0,0,0,0,0,0,0,0,1,0,1,1,0,0,0,0,0,0,1,1,0,0,0,0,0,0,0,0,0,0,0,0,0,0,0,0,0,0,0,0,0,56,0,0,0,0,0,0,0,0,0,0,0,0,0,1,4,0,0,0,0,0,1,0,0,0,0,0,0,0,0,0,0,2,0,0,0,0,1,0,0,0,0,0,0,0,0,0,0,0,0,0,0,0,0,0,0,0,0,0,0,0,0,0,1,0,0,0,0,0,0,0,0,0,0,0,0,1,0,0,0,0,0,1,0,0,0,0,0,0,0,0,0,0,0,1,4,2,0,0,1,1,0,0,0,0,0,0,0,0,1,0,0,0,2,0,1,1,0,0,0,0,1,0,0,0,1,0,3,0,0,37,102,0,1,0,0,0,0,0,0,0,0,0,0,0,0,8,0,0,0,0,0
"33","Smoke",3,2014,0,1,0,0,0,21,123,0,0,1,2,1,0,0,0,0,0,0,0,0,0,0,0,0,0,0,0,0,0,0,0,0,3,0,0,0,0,0,0,0,2,0,0,0,0,0,0,0,0,0,0,0,0,0,0,0,0,0,0,0,0,0,50,0,0,0,0,0,0,0,0,0,0,0,0,0,0,1,0,0,0,0,0,0,0,0,0,0,0,0,0,0,0,0,2,2,2,0,0,0,0,1,0,0,0,0,0,0,0,0,0,0,0,0,0,0,0,0,0,0,1,0,0,0,0,1,0,0,1,0,0,0,0,0,0,0,0,0,1,0,0,0,0,0,0,0,0,0,0,0,0,0,0,0,0,0,0,1,3,0,0,0,0,0,0,0,0,0,0,0,0,1,0,0,0,2,0,3,0,0,0,0,0,1,0,0,0,1,0,6,0,0,46,111,1,1,0,1,0,0,0,0,1,0,0,0,0,0,5,0,0,0,0,0
"34","Smoke",4,2008,0,1,0,1,0,23,119,2,0,2,2,1,1,0,0,0,0,0,0,0,0,0,0,0,0,0,0,0,0,1,0,3,0,0,0,0,0,0,0,2,0,0,0,0,0,0,0,0,0,0,0,0,0,0,0,0,0,0,0,0,0,0,46,0,0,0,1,0,0,0,0,0,0,0,0,0,3,2,0,0,0,0,0,0,0,0,0,0,0,0,0,0,0,0,0,1,1,0,0,0,0,0,0,0,0,0,0,0,0,0,0,0,0,0,0,0,0,0,0,0,1,1,0,0,0,1,0,0,0,0,0,0,0,0,0,0,0,0,1,0,0,0,0,0,1,0,0,0,0,0,0,0,0,0,0,1,0,0,3,0,0,0,0,0,0,0,0,0,0,0,0,0,0,0,0,1,0,2,1,1,0,1,0,0,0,0,0,0,0,4,0,0,47,112,2,0,0,1,0,0,0,0,0,0,0,0,0,0,7,0,0,0,0,0
"35","Smoke",5,2003,0,1,0,0,0,22,119,2,0,2,0,2,0,0,0,0,0,0,0,0,0,0,0,0,0,0,0,0,0,0,0,2,0,0,0,0,0,0,0,0,0,0,0,0,0,0,0,0,0,0,0,0,0,0,0,0,0,0,0,0,0,0,39,0,0,0,1,0,0,0,0,0,0,0,0,0,0,4,0,0,0,0,0,0,0,0,0,0,0,0,0,0,0,0,0,0,2,0,0,1,0,1,0,0,0,0,0,0,0,0,0,0,0,0,0,0,0,0,0,0,1,0,0,0,0,0,0,0,0,0,0,0,0,0,0,0,0,0,1,0,0,0,0,0,0,0,0,0,0,0,1,0,0,0,0,1,0,1,1,0,0,0,1,0,0,0,0,0,0,0,0,1,0,0,0,0,0,2,1,0,0,0,0,1,0,0,0,0,0,7,0,0,55,120,2,1,0,0,0,0,0,0,1,0,0,0,0,0,4,0,0,0,0,0
"36","Smoke",6,1998,0,1,0,0,0,21,122,1,0,6,0,1,1,0,0,0,0,0,0,0,0,0,0,0,0,0,0,0,0,0,0,3,2,0,0,0,0,0,0,1,1,0,0,0,0,0,0,0,0,0,0,0,0,0,0,0,0,0,0,0,0,0,32,0,0,0,2,0,0,0,0,0,0,0,0,0,0,0,0,0,0,0,0,0,0,0,0,0,0,0,0,0,0,0,1,1,1,0,0,1,0,0,0,0,0,0,0,0,0,0,0,0,0,0,0,0,0,0,0,0,0,1,0,0,0,1,0,0,1,0,0,0,0,0,0,0,0,0,0,0,0,0,0,0,0,0,0,0,0,0,1,0,0,0,0,0,1,1,2,0,0,0,0,0,0,0,0,0,0,0,0,0,0,0,0,0,0,4,1,0,0,0,0,0,0,0,0,0,0,3,0,0,58,123,1,0,0,0,0,0,0,0,1,0,0,0,0,0,3,0,0,0,0,0
"37","Smoke",7,1992,0,1,0,0,0,20,139,3,0,1,1,1,2,0,0,0,0,0,0,0,0,0,0,0,0,0,0,0,0,1,0,0,0,0,0,0,0,0,0,0,1,0,0,0,0,0,0,0,0,0,0,0,0,0,0,0,0,0,0,0,0,0,26,0,0,0,3,0,0,0,0,0,0,0,0,0,3,2,0,0,0,0,0,0,0,0,1,0,0,0,0,0,0,0,1,2,1,0,0,1,0,1,0,0,0,0,0,0,0,0,0,0,0,0,0,0,0,0,0,0,1,0,0,0,0,0,0,0,0,0,0,0,0,0,0,0,0,0,0,0,0,0,0,0,1,0,0,0,0,0,1,0,0,0,0,1,0,3,2,0,0,1,1,0,0,0,0,0,0,0,0,0,0,0,0,0,0,4,0,0,0,0,0,0,0,0,0,1,0,4,0,0,50,115,1,0,0,0,0,0,0,0,1,0,0,0,0,0,2,0,0,0,0,0
"38","Smoke",8,1987,0,2,0,1,0,21,135,0,0,1,0,0,1,0,0,0,0,0,0,0,0,0,0,0,0,0,0,0,0,0,0,0,3,0,0,0,0,0,0,1,2,0,0,0,0,0,0,0,0,0,0,0,0,0,0,0,0,0,0,0,0,0,26,0,0,0,2,0,0,0,0,0,0,0,0,0,3,1,0,0,0,0,0,0,0,0,0,0,0,0,0,0,0,0,0,0,1,0,0,0,0,0,0,0,0,0,0,0,0,0,0,0,0,0,0,0,0,0,0,0,1,1,0,0,0,1,0,0,0,0,0,0,0,0,0,0,0,0,0,0,0,0,0,0,1,0,0,0,0,0,0,0,0,0,1,1,0,3,2,0,0,1,1,0,0,0,0,0,0,0,0,1,0,0,0,1,0,1,0,0,0,1,0,1,0,0,0,0,0,6,0,0,52,117,0,0,0,0,0,0,0,0,0,0,0,0,0,0,7,0,0,0,0,0
"39","Smoke",9,1981,0,2,0,0,0,13,144,0,0,4,0,1,2,0,0,0,0,0,0,0,0,0,0,0,0,0,0,0,0,0,0,3,2,0,0,0,0,0,0,1,1,0,0,0,0,0,0,1,0,0,0,0,0,0,0,0,0,0,0,0,0,0,27,0,0,0,3,0,0,0,0,0,0,0,0,0,2,4,0,0,0,0,0,0,0,0,0,0,0,0,0,0,0,0,2,0,1,0,0,0,0,0,0,0,0,0,0,0,0,0,0,0,0,0,0,0,0,0,0,0,1,0,0,0,0,0,0,0,0,0,0,0,0,0,0,0,0,0,0,0,0,0,0,0,1,0,0,0,0,0,0,0,0,0,0,0,0,3,1,0,0,1,0,0,0,0,0,0,0,0,0,1,0,0,0,1,0,1,1,0,0,0,0,0,0,0,0,0,0,3,0,0,49,114,2,0,0,1,0,0,0,0,0,0,0,0,0,0,7,0,0,0,0,0
"40","Smoke",10,1976,0,2,0,0,0,15,142,3,0,6,1,0,0,0,0,0,0,0,0,0,0,0,0,0,0,0,0,0,0,0,0,1,2,0,0,0,0,0,0,2,1,0,0,0,0,0,0,0,0,0,0,0,0,0,0,0,0,0,0,0,0,0,11,0,0,0,0,0,0,0,0,0,0,0,0,0,3,0,0,0,0,0,0,0,0,0,0,0,0,0,0,0,0,0,0,0,1,0,0,0,0,1,0,0,0,0,0,0,0,0,0,0,0,0,0,0,0,0,0,0,0,1,0,0,0,1,0,0,0,0,0,0,0,0,0,0,0,0,1,0,0,0,0,0,0,0,0,0,0,0,0,0,0,0,0,0,0,2,1,0,0,1,0,0,0,0,0,0,0,0,0,1,0,0,0,2,0,1,0,1,0,0,0,1,0,0,0,1,0,3,0,0,59,124,2,0,0,0,0,0,0,0,0,0,0,0,0,0,7,0,0,0,0,0
"41","Smoke",11,1970,0,1,0,0,0,24,125,3,0,3,1,1,1,0,0,0,0,0,0,0,0,0,0,0,0,0,0,0,0,0,0,2,0,0,0,0,0,0,0,1,2,0,0,0,0,0,0,0,0,0,0,0,0,0,0,0,0,0,0,0,0,0,23,0,0,0,3,0,0,0,0,0,0,0,0,0,2,3,0,0,0,0,0,0,0,0,0,0,0,0,0,0,0,0,0,0,0,0,0,2,0,0,0,0,1,0,0,0,0,0,0,0,0,0,0,0,0,0,0,0,1,0,0,0,0,1,0,0,1,0,0,0,0,0,0,0,0,0,0,0,0,0,0,0,0,0,0,0,0,0,1,0,0,0,0,0,1,5,1,0,0,0,1,0,0,0,0,0,0,0,0,0,0,0,0,1,0,3,1,1,0,0,0,0,0,0,0,1,0,4,0,0,52,117,2,0,0,1,0,0,0,0,0,0,0,0,0,0,7,0,0,0,0,0
"42","Smoke",13,1959,0,2,0,0,0,13,137,2,0,3,1,1,2,0,0,0,0,0,0,0,0,0,0,0,0,0,0,0,0,1,0,1,2,0,0,0,0,0,0,2,1,0,0,0,0,0,0,0,0,0,0,0,0,0,0,0,0,0,0,0,0,0,25,0,0,0,1,0,0,0,0,0,0,0,0,0,1,3,0,0,0,0,0,0,0,0,0,0,0,0,0,0,0,0,1,2,1,0,0,1,0,1,0,0,0,0,0,0,0,0,0,0,0,0,0,0,0,0,0,0,0,0,0,0,0,0,0,0,0,0,0,0,0,0,0,0,0,0,0,0,0,0,0,0,0,0,0,0,0,0,1,0,0,0,0,1,0,0,3,0,0,0,1,0,0,0,0,0,0,0,0,0,0,0,0,1,0,1,1,0,0,0,0,0,0,0,0,1,0,9,0,0,51,116,1,1,0,0,0,0,0,0,0,0,0,0,0,0,8,0,0,0,0,0
"43","Smoke",16,1943,0,1,0,0,0,10,153,1,0,6,1,0,1,0,0,0,0,0,0,0,0,0,0,0,0,0,0,0,0,1,0,3,1,0,0,0,0,0,0,1,0,0,0,0,0,0,0,0,0,0,0,0,0,0,0,0,0,0,0,0,0,0,26,0,0,0,3,0,0,0,0,0,0,0,0,0,3,2,0,0,0,0,0,0,0,0,0,0,0,0,0,0,0,0,1,0,0,0,0,2,0,2,0,0,0,0,0,0,0,0,0,0,0,0,0,0,0,0,0,0,1,0,0,0,0,1,0,0,0,0,0,0,0,0,0,0,0,0,1,0,0,0,0,0,1,0,0,0,0,0,0,0,0,0,0,1,0,0,1,0,0,0,1,0,0,0,0,0,0,0,0,1,0,0,0,1,0,1,0,0,0,1,0,1,0,0,0,1,0,4,0,0,44,109,2,0,0,0,0,0,0,0,1,0,0,0,0,0,9,0,0,0,0,0
"44","Smoke",20,1919,0,0,0,1,0,3,172,3,0,2,0,0,1,0,0,0,0,0,0,0,0,0,0,0,0,0,0,0,0,1,0,3,1,0,0,0,0,0,0,2,2,0,0,0,0,0,0,1,0,0,0,0,0,0,0,0,0,0,0,0,0,0,24,0,0,0,4,0,0,0,0,0,0,0,0,0,0,1,0,0,0,0,0,0,0,0,1,0,1,0,0,0,0,0,0,1,1,0,0,0,0,2,0,0,1,0,0,0,0,0,0,0,0,0,0,0,0,0,0,0,0,1,0,0,0,0,0,0,0,0,0,0,0,0,0,0,0,0,0,0,0,0,0,0,0,0,0,0,0,0,1,0,0,0,1,1,0,3,1,0,0,1,0,0,0,0,0,0,0,0,0,1,0,0,0,0,0,1,0,0,0,0,0,0,0,0,0,1,0,3,0,0,42,107,2,0,0,0,0,0,0,0,1,0,0,0,0,0,5,0,0,0,0,0
"45","Smoke",23,1902,0,1,0,0,0,0,182,3,0,2,0,1,1,0,0,0,0,0,0,0,0,0,0,0,0,0,0,0,0,0,0,3,2,0,0,0,0,0,0,0,1,0,0,0,0,0,0,0,0,0,0,0,0,0,0,0,0,0,0,0,0,0,25,0,0,0,3,0,0,0,0,0,0,0,0,0,3,3,0,0,0,0,0,0,0,0,0,0,2,0,0,0,0,0,0,0,1,0,0,0,0,0,0,0,0,0,0,0,0,0,0,0,0,0,0,0,0,0,0,0,1,1,0,0,0,0,0,0,1,0,0,0,0,0,0,0,0,0,0,0,0,0,0,0,1,0,0,0,0,0,1,0,0,0,0,1,0,6,1,0,0,1,1,0,0,0,0,0,0,0,0,1,0,0,0,1,0,2,0,0,0,0,0,0,0,0,0,1,0,5,0,0,33,98,3,0,0,1,0,0,0,0,1,0,0,0,0,0,6,0,0,0,0,0
"46","Smoke",26,1885,0,2,0,0,0,0,194,3,0,5,2,0,0,0,0,0,0,0,0,0,0,0,0,0,0,0,0,0,0,0,0,3,2,0,0,0,0,0,0,1,1,0,0,0,0,0,0,0,0,0,0,0,0,0,0,0,0,0,0,0,0,0,15,0,0,0,0,0,0,0,0,0,0,0,0,0,1,3,0,0,0,0,0,0,0,0,0,0,0,0,0,0,0,0,0,0,0,0,0,2,0,1,0,0,0,0,0,0,0,0,0,0,0,0,0,0,0,0,0,0,1,0,0,0,0,1,0,0,0,0,0,0,0,0,0,0,0,0,1,0,0,0,0,0,0,0,0,0,0,0,1,0,0,0,0,1,1,0,2,0,0,0,1,0,0,0,0,0,0,0,0,1,0,0,0,2,0,1,0,1,0,0,0,1,0,0,0,1,0,6,0,0,36,101,1,0,0,0,0,0,0,0,0,0,0,0,0,0,5,0,0,0,0,0
"47","Flame",2,2015,7,2,0,0,0,109,149,1,0,0,0,4,1,0,0,1,0,0,0,0,0,0,0,0,0,0,0,0,0,0,0,1,0,0,0,0,0,1,0,1,0,0,0,0,0,0,0,0,0,0,0,0,0,1,1,0,0,0,0,0,15,0,0,0,0,0,1,0,0,0,0,0,0,0,0,0,0,0,0,0,0,0,0,0,0,0,0,0,0,0,0,0,0,0,0,1,0,0,0,0,0,0,0,0,0,0,0,0,0,0,0,1,1,0,1,0,0,0,0,2,0,1,0,0,0,0,0,0,1,2,0,0,0,0,0,0,0,0,1,0,0,0,0,0,0,0,0,0,0,1,0,0,0,0,0,1,0,3,0,4,0,0,1,0,0,0,0,0,1,1,0,0,0,0,0,0,0,1,1,0,0,0,0,0,0,0,0,0,0,1,0,0,0,19,0,0,0,0,0,0,0,0,0,0,0,0,0,1,59,0,0,0,0,0
"48","Flame",3,2009,5,2,0,0,0,116,142,0,0,0,0,4,0,0,0,0,0,0,0,0,0,0,0,0,0,0,0,0,0,0,0,1,1,0,1,0,0,1,0,1,0,0,0,0,0,0,0,0,0,0,0,0,0,1,0,0,0,0,0,0,15,0,0,0,0,0,0,0,0,0,0,0,0,0,0,1,0,0,0,0,0,0,0,0,0,0,0,0,0,0,0,0,0,0,0,0,0,0,0,0,0,0,0,0,0,0,0,0,0,0,0,0,1,0,1,0,0,1,0,1,1,1,0,0,0,0,0,0,1,1,0,0,0,1,0,0,0,0,0,0,0,0,0,0,0,0,0,0,0,2,0,0,0,0,1,0,0,3,1,3,0,1,0,0,0,0,0,0,0,1,0,0,0,0,0,1,0,1,0,0,0,0,0,0,0,0,0,0,0,0,0,0,0,17,0,0,0,0,0,0,0,0,0,0,0,0,0,1,66,2,0,0,0,0
"49","Flame",4,2004,0,2,0,0,0,101,139,1,0,0,0,4,1,0,0,0,0,0,0,0,0,0,0,0,0,0,0,0,0,0,0,2,0,0,0,0,0,1,0,1,0,0,0,0,0,0,0,0,0,0,0,0,0,0,1,1,0,0,0,0,12,0,0,0,0,0,1,0,0,0,0,0,0,0,0,1,0,0,0,0,0,0,0,0,0,0,0,0,0,0,0,0,0,0,0,0,0,0,0,0,0,0,0,0,0,0,0,0,0,0,0,0,1,0,1,0,0,1,0,1,1,0,0,0,0,0,0,0,0,0,0,0,0,1,0,0,0,0,0,0,0,0,0,0,0,0,0,0,1,1,0,0,0,0,0,0,0,3,1,1,0,1,1,0,0,0,0,0,1,1,0,1,0,0,0,0,0,0,1,0,0,0,0,0,0,0,0,0,0,0,0,0,0,12,0,0,0,0,0,0,0,0,0,0,0,0,0,0,100,1,0,0,0,0
"50","Flame",5,1998,2,2,0,0,0,63,155,0,0,0,0,6,1,0,0,0,0,0,0,0,0,0,0,0,0,0,0,0,0,0,0,0,1,0,1,0,0,0,0,1,0,0,0,0,0,0,0,0,0,0,0,0,0,0,0,2,0,0,0,0,15,0,0,0,0,0,2,0,0,0,0,0,0,0,0,0,0,0,0,0,0,0,0,0,0,0,0,0,0,0,0,0,0,0,0,0,0,0,0,0,0,0,0,0,0,0,0,0,0,0,0,1,0,0,1,0,0,1,0,0,1,1,0,0,0,0,0,0,3,0,0,0,0,1,0,0,0,0,1,0,0,0,0,0,0,0,0,0,0,1,0,0,0,0,1,1,0,1,0,7,0,1,1,0,0,0,0,0,0,1,0,1,0,0,0,1,0,0,1,0,0,0,0,0,0,0,0,0,0,2,0,0,0,16,0,0,0,0,0,0,0,0,0,0,0,0,0,1,103,0,0,0,0,0
"51","Flame",7,1985,5,2,0,0,0,71,154,0,0,0,3,16,0,0,0,0,0,0,0,0,0,0,0,0,0,0,0,0,0,0,0,0,2,0,1,0,0,0,0,0,0,0,0,0,0,0,0,0,0,0,0,0,0,0,1,0,0,0,0,0,19,0,0,0,0,0,2,0,0,0,0,0,0,0,0,0,0,0,0,0,0,0,0,0,0,0,0,0,0,0,0,0,0,0,0,0,0,0,0,0,0,0,0,0,0,0,0,0,0,0,0,0,1,0,1,0,0,0,0,1,0,1,0,0,0,0,0,0,1,0,0,0,0,1,0,0,0,0,0,0,0,0,0,0,0,0,0,0,0,1,0,0,0,0,1,1,0,2,0,1,0,0,1,0,0,0,0,0,1,1,0,0,0,0,0,1,0,1,1,0,0,0,0,0,0,0,0,0,0,0,0,0,0,9,0,0,0,0,0,0,0,0,0,0,0,0,0,0,97,0,0,0,0,0
"52","Flame",9,1971,0,7,0,0,0,56,135,0,0,0,30,15,0,0,0,1,0,0,0,0,0,0,0,0,0,0,0,0,0,0,0,2,2,0,0,0,0,0,0,0,0,0,0,0,0,0,0,0,0,0,0,0,2,0,1,0,0,0,0,0,11,0,0,0,0,0,2,0,0,0,0,0,0,0,0,0,0,0,0,0,0,0,0,0,0,0,0,0,0,0,0,0,0,0,0,0,0,0,0,0,0,0,0,0,0,0,0,0,0,0,0,1,1,0,0,0,0,0,0,1,0,1,0,0,0,0,0,0,0,1,0,0,0,1,0,0,0,0,0,0,0,0,0,0,0,0,0,0,0,2,0,0,0,0,1,0,0,3,1,15,0,0,0,0,0,0,0,0,0,0,0,1,0,0,0,1,0,0,1,0,0,0,0,0,0,0,0,0,0,0,0,0,0,16,0,0,0,0,0,0,0,0,0,0,0,0,0,0,88,1,0,0,0,0
"53","Flame",10,1964,7,0,0,0,0,75,146,1,0,0,38,11,0,0,0,0,0,0,0,0,0,0,0,0,0,0,0,0,0,0,0,0,1,0,1,0,0,1,0,1,0,0,0,0,0,0,0,0,0,0,0,0,0,0,1,0,0,0,0,0,5,0,0,0,0,0,2,0,0,0,0,0,0,0,0,0,0,0,0,0,0,0,0,0,0,0,0,0,0,0,0,0,0,0,0,1,0,0,0,0,0,0,0,0,0,0,0,0,0,0,0,0,0,0,1,0,0,1,0,3,0,1,0,0,0,0,0,0,3,2,0,0,0,1,0,0,0,0,0,0,0,0,0,0,0,0,0,0,0,1,0,0,0,0,0,0,0,1,0,8,0,1,1,0,0,0,0,0,0,0,0,0,0,0,0,1,0,1,0,0,0,0,0,0,0,0,0,0,0,2,0,0,0,21,0,0,0,0,0,0,0,0,0,0,0,0,0,1,59,0,0,0,0,0
"54","Flame",11,1957,2,7,0,0,0,53,129,0,0,0,42,18,1,0,0,1,0,0,0,2,0,0,0,0,0,0,0,0,0,0,0,1,0,0,1,0,0,1,0,1,0,0,0,0,0,0,0,0,0,0,0,0,0,1,1,1,0,0,0,0,5,0,0,0,0,0,0,0,0,0,0,0,0,0,0,1,0,0,0,0,0,0,0,0,0,0,0,0,0,0,0,0,0,0,1,0,0,0,0,0,0,0,0,0,0,0,0,0,0,0,0,0,1,0,0,0,0,0,0,1,0,0,0,0,0,0,0,0,0,0,0,0,0,0,0,0,0,0,1,0,0,0,0,0,0,0,0,0,1,1,0,0,0,0,1,0,0,3,1,8,0,1,0,0,0,0,0,0,0,1,0,0,0,0,0,1,0,0,1,0,0,0,0,0,1,0,0,0,0,2,0,0,0,16,0,0,0,0,0,0,0,0,0,0,0,0,0,0,85,4,0,0,0,1
"55","Flame",13,1942,7,5,0,0,0,61,145,0,0,0,81,16,1,0,0,1,0,0,0,0,0,0,0,0,0,0,0,0,0,0,0,1,1,0,0,0,0,0,0,1,0,0,0,0,0,0,0,0,0,0,0,0,0,0,0,0,0,0,0,0,12,0,0,0,0,0,2,0,0,0,0,0,0,0,0,1,0,0,0,0,0,0,0,0,0,0,0,0,0,0,0,0,0,0,0,0,0,0,0,0,0,0,0,0,0,0,0,0,0,0,0,1,1,0,1,0,0,0,0,1,1,1,0,0,0,0,0,0,1,2,0,0,0,0,0,0,0,0,0,0,0,0,0,0,0,0,0,0,0,1,0,0,0,0,1,1,0,5,1,17,0,1,0,0,0,0,0,0,1,1,0,0,0,0,0,0,0,0,0,0,0,0,0,0,0,0,0,0,0,0,0,0,0,9,0,0,0,0,0,0,0,0,0,0,0,0,0,1,17,0,0,0,0,0
"56","Flame",15,1924,0,7,0,0,0,38,137,0,0,0,81,19,1,0,0,0,0,0,0,0,0,0,0,0,0,0,0,0,0,0,0,1,1,0,1,0,0,0,0,0,0,0,0,0,0,0,0,0,0,0,0,0,0,0,0,2,0,0,0,0,5,0,0,0,0,0,2,0,0,0,0,0,0,0,0,0,0,0,0,0,0,0,0,0,0,0,0,0,0,0,0,0,0,0,2,0,0,0,0,0,0,0,0,0,0,0,0,0,0,0,0,1,1,0,1,0,0,0,0,1,1,1,0,0,0,0,0,0,1,2,0,0,0,1,0,0,0,0,0,0,0,0,0,0,0,0,0,0,1,1,0,0,0,0,0,0,0,4,1,21,0,1,0,0,0,0,0,0,1,1,0,0,0,0,0,1,0,0,0,0,0,0,0,0,0,0,0,0,0,2,0,0,0,19,0,0,0,0,0,0,0,0,0,0,0,0,0,1,38,1,0,0,0,0
"57","Flame",16,1915,7,7,0,0,0,31,148,1,0,0,88,4,1,0,0,0,0,0,0,0,0,0,0,0,0,0,0,0,0,0,0,2,1,0,0,0,0,0,0,0,0,0,0,0,0,0,0,0,0,0,0,0,1,0,0,2,0,0,0,0,15,0,0,0,0,0,1,0,0,0,0,0,0,0,0,1,0,0,0,0,0,0,0,0,0,0,0,0,0,0,0,0,0,0,0,1,0,0,0,0,0,0,0,0,0,0,0,0,0,0,0,0,1,0,1,0,0,0,0,0,0,1,0,0,0,0,0,0,1,0,0,0,0,1,0,0,0,0,1,0,0,0,0,0,0,0,0,0,1,2,0,0,0,0,0,1,0,5,1,14,0,1,1,0,0,0,0,0,0,1,0,0,0,0,0,0,0,0,0,0,0,0,0,0,0,0,0,0,0,1,0,0,0,12,0,0,0,0,0,0,0,0,0,0,0,0,0,1,42,0,0,0,0,0
"58","Flame",18,1894,2,0,0,0,0,15,144,0,0,0,93,22,0,0,0,0,0,0,0,0,0,0,0,0,0,0,0,0,0,0,0,0,1,0,0,0,0,0,0,2,0,0,0,0,0,0,0,0,0,0,0,0,1,0,0,2,0,0,0,0,7,0,0,0,0,0,0,0,0,0,0,0,0,0,0,0,0,0,0,0,0,0,0,0,0,0,0,0,0,0,0,0,1,0,1,0,0,0,0,0,0,0,0,0,0,0,0,0,0,0,0,0,1,0,0,0,0,2,0,3,1,1,0,0,0,0,0,0,3,0,0,0,0,0,0,0,0,0,1,0,0,0,0,0,0,0,0,0,1,2,0,0,0,0,1,1,0,6,0,36,0,1,1,0,0,0,0,0,0,1,0,1,0,0,0,1,0,0,1,0,0,1,0,0,0,0,0,0,0,2,0,0,0,9,0,0,0,0,0,0,0,0,0,0,0,0,0,1,28,3,0,0,0,0
"59","Flame",20,1874,2,0,0,0,0,18,155,2,0,0,103,28,0,0,0,1,0,0,0,0,0,0,0,0,0,0,0,0,0,0,0,2,2,0,0,0,0,1,0,0,0,0,0,0,0,0,0,0,0,0,0,0,0,1,1,0,0,0,0,0,7,0,0,0,0,0,1,0,0,0,0,0,0,0,0,0,0,0,0,0,0,0,0,0,0,0,0,0,0,0,0,0,0,0,0,0,0,0,0,0,0,0,0,0,0,0,0,0,0,0,0,1,1,0,1,0,0,1,0,1,1,0,0,0,0,0,0,0,1,0,0,0,0,1,0,0,0,0,0,0,0,0,0,0,0,0,0,0,0,0,0,0,0,0,1,0,0,6,1,15,0,1,0,0,0,0,0,0,0,0,0,0,0,0,0,0,0,0,1,0,0,0,0,0,0,0,0,0,0,1,0,0,0,16,0,0,0,0,0,0,0,0,0,0,0,0,0,0,24,2,0,0,0,0
"60","ETwin",9,2018,0,0,0,0,0,0,79,0,0,0,3,0,0,0,0,0,0,0,0,0,0,0,0,0,0,0,0,0,0,0,0,0,0,0,1,0,0,0,0,1,0,0,0,0,0,0,0,0,0,0,0,0,0,0,0,0,0,0,0,0,0,0,41,0,0,0,0,0,0,0,0,0,0,0,0,0,1,1,0,0,0,0,0,0,0,0,0,0,0,0,0,0,0,0,1,1,0,0,0,0,0,0,0,0,0,0,0,0,0,0,0,0,0,0,0,0,0,1,0,0,0,0,0,0,0,0,0,0,1,0,0,0,0,0,0,0,1,0,0,0,0,0,0,0,1,0,0,1,0,0,0,0,0,0,0,0,0,3,0,2,0,0,1,0,0,0,0,0,0,0,0,0,0,0,0,0,0,3,1,0,0,0,0,0,0,0,0,0,0,5,1,0,3,238,2,0,0,0,0,0,0,0,0,0,0,0,0,0,6,1,0,0,0,0
"61","ETwin",15,2012,1,2,0,0,0,0,95,0,0,0,1,3,0,0,0,0,0,0,0,0,0,0,0,0,0,0,0,0,0,0,0,0,0,0,0,0,0,0,0,1,0,0,0,0,0,0,0,0,0,0,0,0,0,0,0,0,1,0,0,0,0,0,23,0,0,0,2,0,0,0,0,0,0,0,0,0,2,0,0,0,0,0,0,0,0,0,0,0,0,0,0,0,0,0,0,1,0,0,0,0,0,0,0,0,0,0,0,0,0,0,0,0,0,0,0,0,0,0,0,0,0,0,0,0,0,0,0,0,0,0,0,0,0,0,0,0,1,0,1,0,0,0,0,0,1,0,0,2,0,0,0,0,0,0,0,0,0,5,0,6,0,0,1,0,0,0,0,0,0,0,0,0,0,0,0,0,0,3,1,0,0,0,0,0,0,0,0,0,0,31,3,0,5,200,1,0,0,0,0,0,0,0,0,0,0,0,0,0,7,0,0,0,0,0
"62","ETwin",18,2008,2,0,0,0,0,0,74,0,0,0,3,1,0,0,0,0,0,0,0,0,0,0,0,0,0,0,0,0,0,0,0,0,0,0,0,0,0,0,0,0,0,0,0,0,0,0,0,0,0,0,0,0,0,0,0,0,0,0,0,0,0,0,46,0,0,0,2,0,0,0,0,0,0,0,0,0,0,1,0,0,0,0,0,0,0,0,0,0,0,0,0,0,0,0,0,0,0,0,0,0,0,0,0,0,0,0,0,0,0,0,0,0,0,0,0,0,0,0,0,0,0,0,0,0,0,0,0,0,0,0,0,0,0,0,0,0,1,0,1,0,0,0,0,0,1,0,0,2,0,0,0,0,0,0,0,0,0,3,0,3,0,0,0,0,0,0,0,0,0,0,0,0,0,0,0,0,0,4,0,0,0,0,0,0,0,0,0,0,0,15,4,0,3,227,2,0,0,0,0,0,0,0,0,0,0,0,0,0,5,0,0,0,0,0
"63","ETwin",21,2003,2,1,0,0,0,0,68,0,0,0,1,2,0,0,0,0,0,0,0,0,0,0,0,0,0,0,0,0,0,0,0,0,0,0,1,0,0,0,0,0,0,0,0,0,0,0,0,0,0,0,0,0,0,0,0,0,1,0,0,0,0,0,25,0,0,0,2,0,0,0,0,0,0,0,0,0,0,1,0,0,0,0,0,0,0,0,0,0,0,0,0,0,0,0,2,0,0,0,0,0,0,0,0,0,0,0,0,0,0,0,0,0,0,0,0,0,0,0,0,0,0,0,0,0,0,0,0,0,1,0,0,0,0,0,0,0,1,0,1,0,0,0,0,0,1,0,0,0,0,0,0,0,0,0,0,0,0,5,0,6,0,0,0,0,0,0,0,0,0,0,0,0,0,0,0,0,0,4,0,0,0,0,0,0,0,0,0,0,0,51,3,0,8,206,1,0,0,0,0,0,0,0,0,0,0,0,0,0,6,0,0,0,0,0
"64","ETwin",24,1997,0,2,0,0,0,0,90,0,0,0,0,0,0,0,0,0,0,0,0,0,0,0,0,0,0,0,0,0,0,0,0,0,0,0,0,0,0,0,0,0,0,0,0,0,0,0,0,0,0,0,0,0,0,0,0,0,0,0,0,0,0,0,32,0,0,0,1,0,0,0,0,0,0,0,0,0,0,0,0,0,0,0,0,0,0,0,0,0,0,0,0,0,0,0,1,2,0,0,0,0,0,0,0,0,0,0,0,0,0,0,0,0,0,0,1,0,0,1,0,0,0,0,0,0,0,0,0,0,1,0,0,0,0,0,0,0,1,0,1,0,0,0,0,0,0,0,0,2,0,0,0,0,0,0,0,0,0,4,0,3,0,0,0,0,0,0,0,0,0,0,0,0,0,0,0,0,0,5,1,0,0,1,0,0,0,0,0,0,0,47,3,0,8,190,2,0,0,0,0,0,0,0,0,0,0,0,0,0,1,0,0,0,0,0
"65","ETwin",26,1993,0,1,0,0,0,0,116,0,0,0,2,1,0,0,0,0,0,0,0,0,0,0,0,0,0,0,0,0,0,0,0,0,0,0,0,0,0,0,0,1,0,0,0,0,0,0,0,0,0,0,0,0,0,0,1,0,0,0,0,0,0,0,15,0,0,0,0,0,0,0,0,0,0,0,0,0,0,1,0,0,0,0,0,0,0,0,0,0,0,0,0,0,0,1,0,0,0,0,0,0,0,0,0,0,0,0,0,0,0,0,0,0,0,0,0,0,0,0,0,0,0,0,0,0,0,0,0,0,1,0,0,0,0,0,0,0,0,0,0,0,0,0,0,0,1,0,0,0,0,0,0,0,0,0,0,0,0,5,0,13,0,0,0,0,0,0,0,0,0,0,0,0,0,0,0,0,0,4,0,0,0,0,0,0,0,0,0,0,0,62,3,0,10,159,0,0,0,0,0,0,0,0,0,0,0,0,0,0,3,0,0,0,0,0
"66","ETwin",28,1988,0,0,0,0,0,0,90,0,0,0,2,0,0,0,0,0,0,0,0,0,0,0,0,0,0,0,0,0,0,0,0,0,0,0,1,0,0,0,0,0,0,0,0,0,0,1,0,0,0,0,0,0,0,0,1,0,1,0,0,0,0,0,13,0,0,0,0,0,0,0,0,0,0,0,0,0,1,0,0,0,0,0,0,0,0,0,0,0,0,0,0,0,0,0,1,1,0,0,0,0,0,0,0,0,0,0,0,0,1,0,0,1,0,0,1,0,0,1,0,0,0,0,0,0,0,0,0,0,2,0,0,0,0,0,0,0,0,0,1,0,0,0,0,0,0,0,0,0,0,0,0,0,0,0,0,0,0,5,0,12,0,0,0,0,0,0,0,0,0,0,0,1,0,0,0,0,0,3,0,2,0,2,0,0,0,0,0,0,0,90,3,0,13,148,0,0,0,0,0,0,0,0,0,0,0,0,0,0,1,1,0,0,0,0
"67","ETwin",30,1983,1,2,0,0,0,0,84,0,0,0,2,3,0,0,0,0,0,0,0,0,0,0,0,0,0,0,0,0,0,0,0,0,0,0,1,0,0,0,0,1,0,0,0,0,0,0,0,0,0,0,0,0,0,0,1,0,1,0,0,0,0,0,0,0,0,0,1,0,0,0,0,0,0,0,0,0,0,0,0,0,0,0,0,0,0,0,0,0,0,0,0,0,0,0,0,1,0,0,0,0,0,0,0,0,0,0,0,0,0,0,0,0,0,0,0,0,0,0,0,0,0,0,0,0,0,0,0,0,0,0,0,0,0,0,0,0,1,0,0,0,0,0,0,0,0,0,0,2,0,0,0,0,0,0,0,0,0,5,0,14,0,0,0,0,0,0,0,0,0,0,0,1,0,0,0,0,0,5,1,0,0,0,0,0,0,0,0,0,0,101,2,0,6,164,0,0,0,0,0,0,0,0,0,0,0,0,0,0,0,0,0,0,0,0
"68","ETwin",32,1977,1,1,0,0,0,0,167,0,0,0,2,3,0,0,0,0,0,0,0,0,0,0,0,0,0,0,0,0,0,0,0,0,0,0,1,0,0,0,4,1,0,0,0,0,0,0,0,0,0,0,0,0,0,0,1,0,0,0,0,0,0,0,0,0,0,0,1,0,0,0,0,0,0,0,0,0,1,0,0,0,0,0,0,0,0,0,0,0,0,0,0,0,0,0,0,0,0,0,0,0,0,0,0,0,0,0,0,0,0,0,0,0,0,0,0,0,0,1,0,0,0,0,0,0,0,0,0,0,2,0,0,0,0,0,0,0,0,0,0,0,0,0,0,0,0,0,0,2,0,0,0,0,0,0,0,0,0,5,0,24,0,0,0,0,0,0,0,0,0,0,0,0,0,0,0,0,0,4,0,0,0,1,0,0,0,0,0,0,0,67,2,0,8,100,1,0,0,0,0,0,0,0,0,0,0,0,0,0,0,0,0,0,0,0
"69","ETwin",34,1971,2,2,0,0,0,0,148,0,0,0,3,0,0,0,0,0,0,0,0,0,0,0,0,0,0,0,0,0,0,0,0,0,0,0,0,0,0,0,4,0,0,0,0,0,1,0,0,0,0,0,0,0,0,0,0,0,1,0,0,0,0,0,4,0,0,0,1,0,0,0,0,0,0,0,0,0,0,0,0,0,0,0,0,0,0,0,0,0,0,0,0,0,0,0,0,0,0,0,0,0,0,0,0,0,0,0,0,0,0,0,0,0,0,0,0,0,0,0,0,0,0,0,0,0,0,0,0,0,1,0,0,0,0,0,0,0,0,0,1,0,0,0,0,0,1,0,0,0,0,0,0,0,0,0,0,0,0,3,0,15,0,0,1,0,0,0,0,0,0,0,0,1,0,0,0,0,0,2,0,0,0,0,0,0,0,0,0,0,0,69,5,0,8,127,0,0,0,0,0,0,0,0,0,0,0,0,0,0,0,0,0,0,0,0
"70","ETwin",37,1961,1,0,0,0,0,0,95,0,0,0,3,3,0,0,0,0,0,0,0,0,0,0,0,0,0,0,0,0,0,0,0,0,0,0,0,0,0,0,2,0,0,0,0,0,0,0,0,0,0,0,0,0,0,0,1,0,1,0,0,0,0,0,1,0,0,0,2,0,0,0,0,0,0,0,0,0,1,0,0,0,0,0,0,0,0,0,0,0,0,0,0,0,0,0,0,0,0,0,0,0,0,0,0,0,0,0,0,0,0,0,0,0,0,0,1,0,0,0,0,0,0,0,0,0,0,0,0,0,2,0,0,0,0,0,0,0,1,0,1,0,0,0,0,0,1,0,0,0,0,0,0,0,0,0,0,0,0,5,0,27,0,0,0,0,0,0,0,0,0,0,0,1,0,0,0,0,0,3,3,1,0,2,0,0,0,0,0,0,0,99,3,0,7,132,0,0,0,0,0,0,0,0,0,0,0,0,0,0,1,0,0,0,0,0
"71","ETwin",42,1941,2,2,0,0,0,0,170,0,0,0,3,1,0,0,0,0,0,0,0,0,0,0,0,0,0,0,0,0,0,0,0,0,0,0,1,0,0,0,3,0,0,0,0,0,0,1,0,0,0,0,0,0,0,0,1,0,1,0,0,0,0,0,0,0,0,0,0,0,0,0,0,0,0,0,0,0,2,0,0,0,0,0,0,0,0,0,0,0,0,0,0,0,0,0,0,0,0,0,0,0,0,0,0,0,0,0,0,0,0,0,0,0,0,0,3,0,0,1,0,0,0,0,0,0,0,0,0,0,0,0,0,0,0,0,0,0,1,0,1,0,0,0,0,0,0,0,0,0,0,0,0,0,0,0,0,0,0,4,0,25,0,0,0,0,0,0,0,0,0,0,0,0,0,0,0,0,0,5,0,0,0,0,0,0,0,0,0,0,0,102,5,0,8,53,2,0,0,0,0,0,0,0,0,0,0,0,0,0,2,1,0,0,0,0
"72","ETwin",47,1920,2,0,0,0,0,0,208,0,0,0,3,3,0,0,0,0,0,0,0,0,0,0,0,0,0,0,0,0,0,0,0,0,0,0,1,0,0,0,2,1,0,0,0,0,0,0,0,0,0,0,0,0,0,0,1,0,0,0,0,0,0,0,1,0,0,0,2,0,0,0,0,0,0,0,0,0,2,1,0,0,0,0,0,0,0,0,0,0,0,0,0,0,0,0,0,0,0,0,0,0,0,0,0,0,0,0,0,0,0,0,0,0,0,0,0,0,0,0,0,0,0,0,0,0,0,0,0,0,2,0,0,0,0,0,0,0,0,0,0,0,0,0,0,0,0,0,0,0,0,0,0,0,0,0,0,0,0,4,0,16,0,0,0,0,0,0,0,0,0,0,0,0,0,0,0,0,0,3,1,0,0,0,0,0,0,0,0,0,0,91,5,0,9,42,0,0,0,0,0,0,0,0,0,0,0,0,0,0,0,0,0,0,0,0
"73","ETwin",51,1902,0,1,0,0,0,0,212,0,0,0,1,2,0,0,0,0,0,0,0,0,0,0,0,0,0,0,0,0,0,0,0,0,0,0,1,0,0,0,6,1,0,0,0,0,1,0,0,0,0,0,0,0,0,0,1,0,0,0,0,0,0,0,1,0,0,0,1,0,0,0,0,0,0,0,0,0,1,0,0,0,0,0,1,0,0,0,0,0,0,0,0,0,0,1,1,1,0,0,0,0,0,0,0,0,0,0,0,0,0,0,0,0,0,0,2,0,0,0,0,0,0,0,0,0,0,0,0,0,1,0,0,0,0,0,0,0,1,0,1,0,0,0,0,0,1,0,0,2,0,0,0,0,0,0,0,0,0,3,0,15,0,0,1,0,0,0,0,0,0,0,0,1,0,0,0,0,0,6,5,0,0,0,0,0,0,0,0,0,0,94,5,0,6,21,2,0,0,0,0,0,0,0,0,0,0,0,0,0,0,0,0,0,0,0
"74","ETwin",55,1883,1,2,0,0,0,0,204,0,0,0,3,2,0,0,0,0,0,0,0,0,0,0,0,0,0,0,0,0,0,0,0,0,0,0,1,0,0,0,4,0,0,0,0,0,0,0,0,0,0,0,0,0,0,0,0,0,0,0,0,0,0,0,0,0,0,0,1,0,0,0,0,0,0,0,0,0,1,1,0,0,0,0,0,0,0,0,0,0,0,0,0,0,0,0,0,1,0,0,0,0,0,0,0,0,0,0,0,0,0,0,0,0,0,0,1,0,0,0,0,0,0,0,0,0,0,0,0,0,1,0,0,0,0,0,0,0,1,0,0,0,0,0,0,0,0,0,0,1,0,0,0,0,0,0,0,0,0,4,0,17,0,0,0,0,0,0,0,0,0,0,0,0,0,0,0,0,0,4,3,1,0,0,0,0,0,0,0,0,0,103,4,0,8,31,0,0,0,0,0,0,0,0,0,0,0,0,0,0,0,0,0,0,0,0
"75","Burnt",2,2018,2,2,0,0,0,61,146,0,0,0,0,0,0,0,0,0,0,0,0,0,0,0,0,0,0,0,0,0,0,0,0,0,0,0,0,0,0,0,0,0,0,0,0,1,0,0,0,0,0,0,0,0,0,0,0,0,0,0,0,1,0,0,12,0,0,0,0,0,0,0,0,0,0,0,0,0,0,0,0,0,0,0,0,0,0,0,0,0,0,0,0,0,0,0,1,2,0,0,0,0,0,0,0,0,1,0,0,0,0,0,0,0,0,0,2,0,0,0,0,0,0,0,0,0,0,0,0,0,0,0,0,1,0,0,0,0,0,0,0,0,0,0,0,0,0,0,0,0,0,0,0,0,0,0,0,0,1,3,1,19,0,0,0,0,0,0,0,0,1,0,0,0,0,0,0,0,0,4,1,0,0,0,0,0,0,0,0,0,0,0,0,0,2,61,0,0,0,0,0,0,0,0,0,0,0,0,0,0,75,0,0,0,0,0
"76","Burnt",4,2010,0,0,0,0,1,47,131,0,0,0,1,0,0,0,0,0,0,0,0,0,0,0,0,0,0,0,0,0,0,0,0,0,0,0,0,0,0,0,0,0,0,0,0,0,0,0,0,0,0,0,0,0,0,0,0,0,0,0,0,1,0,0,16,0,0,0,0,0,0,0,0,0,0,0,0,0,1,0,1,0,0,0,0,0,0,0,0,0,0,0,0,0,0,0,0,5,0,0,0,0,0,0,0,0,0,0,0,0,0,0,0,0,0,0,2,0,0,0,0,0,0,0,0,0,0,0,0,0,0,0,0,0,0,0,0,0,0,0,1,0,0,0,0,0,0,0,0,0,0,0,0,0,0,0,0,0,2,4,0,23,0,0,0,0,0,0,0,0,1,0,0,0,0,0,0,0,0,4,2,0,0,0,0,0,0,0,0,0,0,0,0,0,0,90,1,0,0,0,0,0,0,0,0,0,0,0,0,0,66,0,0,0,0,0
"77","Burnt",5,2006,0,0,0,0,1,72,142,0,0,0,0,0,0,0,0,0,0,0,0,0,0,0,0,0,0,0,0,0,0,0,0,1,0,0,0,0,0,0,0,0,0,0,0,0,0,0,0,0,0,0,0,0,0,0,0,0,0,0,0,0,0,0,12,0,0,0,0,0,0,0,0,0,0,0,0,0,1,0,1,0,0,0,0,0,0,0,0,0,0,0,0,0,0,0,0,4,0,0,0,0,0,0,0,0,0,0,0,0,0,0,0,0,0,0,1,0,0,0,0,1,0,0,0,0,0,0,0,0,0,0,0,0,0,0,0,0,0,0,1,0,0,0,0,0,0,0,0,0,0,0,0,0,0,0,1,0,2,1,1,14,0,1,1,0,0,0,0,0,1,0,0,0,0,0,0,0,0,4,1,0,0,0,0,0,0,0,0,0,0,2,0,0,4,66,2,0,0,0,0,0,0,0,0,0,0,0,0,0,62,0,0,0,0,0
"78","Burnt",6,2001,2,1,0,0,0,49,161,0,0,0,0,0,0,0,0,0,0,0,0,0,0,0,0,0,0,0,0,0,0,0,0,1,0,0,0,0,0,0,0,0,0,0,0,0,0,0,0,0,0,0,0,0,0,0,0,0,0,0,0,0,0,0,9,0,0,0,0,0,0,0,0,0,0,0,0,0,1,0,1,0,0,0,0,0,0,0,0,0,0,0,0,0,0,0,1,3,0,0,0,0,0,0,0,0,0,0,0,0,0,0,0,0,0,0,0,0,0,0,0,0,0,1,0,0,0,0,0,0,0,0,0,0,0,0,0,0,0,0,0,0,0,0,0,0,0,0,0,0,0,0,0,0,0,0,1,0,0,4,1,33,0,0,0,0,0,0,0,0,1,0,0,0,0,0,0,0,0,4,1,0,0,0,0,0,0,0,0,0,0,1,0,0,0,61,2,0,0,0,0,0,0,0,0,0,0,0,0,0,61,0,0,0,0,0
"79","Burnt",7,1996,0,2,0,0,1,42,123,0,2,0,1,0,0,0,0,0,0,0,0,0,0,0,0,0,0,0,0,0,0,0,0,1,0,0,0,0,0,0,0,0,0,3,0,0,0,0,0,0,0,0,0,0,0,0,0,0,0,0,0,1,0,0,14,0,0,0,0,0,0,0,0,0,0,0,0,0,0,0,1,0,0,0,0,0,0,0,0,0,0,0,0,0,0,0,0,4,0,0,0,0,0,0,0,0,0,0,0,0,0,0,0,0,0,0,1,0,0,0,0,0,0,0,0,0,0,0,0,0,0,0,0,1,0,0,0,0,0,0,1,0,0,0,0,0,0,0,0,0,0,0,0,0,0,0,1,0,2,2,0,52,0,0,0,0,0,0,0,0,1,0,0,0,0,0,0,0,0,3,4,0,0,0,0,0,0,0,0,0,0,2,0,0,3,71,2,0,0,0,0,0,0,0,0,0,0,0,0,0,59,0,0,0,0,0
"80","Burnt",9,1986,1,1,0,0,0,48,163,0,1,0,2,0,0,0,0,0,0,0,0,0,0,0,0,0,0,0,0,0,0,0,0,0,0,0,0,0,0,0,0,0,0,4,0,0,0,0,0,0,0,0,0,0,0,0,0,0,0,0,0,1,0,0,12,0,0,0,0,0,0,0,0,0,0,0,0,0,2,0,0,0,0,0,0,0,0,0,0,1,0,0,0,0,0,0,1,3,0,0,0,0,0,0,0,0,0,0,0,0,0,0,0,0,0,0,1,0,0,0,0,0,0,1,0,0,0,0,0,0,0,0,0,1,0,0,0,0,0,0,1,0,0,0,0,0,0,0,0,0,0,0,0,0,0,0,1,0,1,2,1,23,0,0,0,0,0,0,0,0,0,0,0,0,0,0,0,0,0,4,3,0,0,0,0,0,0,0,0,0,0,2,0,0,1,66,0,0,0,0,0,0,0,0,0,0,0,0,0,0,52,0,0,0,0,0
"81","Burnt",10,1981,1,0,0,0,0,47,148,0,1,0,1,0,0,0,0,0,0,0,0,0,0,0,0,0,0,0,0,0,0,0,0,1,0,0,0,0,0,0,0,0,0,1,0,0,0,0,0,0,0,0,0,0,0,0,0,0,0,0,0,1,0,0,8,0,0,0,0,0,0,0,0,0,0,0,0,0,2,0,0,0,0,0,0,0,0,0,0,0,0,0,0,0,0,0,0,2,0,0,0,0,0,0,0,0,0,0,0,0,0,0,0,0,0,0,0,0,0,0,0,1,0,0,0,0,0,0,0,0,0,0,0,0,0,0,0,0,0,0,1,0,0,0,0,0,0,0,0,0,0,0,0,0,0,0,0,0,4,4,1,47,0,0,0,0,0,0,0,0,1,0,0,0,0,0,0,0,0,0,1,0,0,0,0,0,0,0,0,0,0,1,0,0,3,76,0,0,0,0,0,0,0,0,0,0,0,0,0,0,47,0,0,0,0,0
"82","Burnt",11,1975,1,2,0,0,0,42,142,0,0,0,2,0,0,0,0,0,0,0,0,0,0,0,0,0,0,0,0,0,0,0,0,1,0,0,0,0,0,0,0,0,0,0,0,1,0,0,0,0,0,0,0,0,0,0,0,0,0,0,0,0,0,0,4,0,0,0,0,0,0,0,0,0,0,0,0,0,1,0,1,0,0,0,0,0,0,0,0,0,0,0,0,0,0,0,0,2,0,0,0,0,0,0,0,0,0,0,0,0,0,0,0,0,0,0,0,0,0,0,0,1,0,1,0,0,0,0,0,0,0,0,0,1,0,0,0,0,0,0,0,0,0,0,0,0,0,0,0,0,0,0,0,0,0,0,0,0,4,4,1,42,0,1,1,1,0,0,0,0,1,0,0,0,0,0,0,0,0,2,4,0,0,0,0,0,0,0,0,0,0,2,0,0,0,99,2,0,0,0,0,0,0,0,0,0,0,0,0,0,34,0,0,0,0,0
"83","Burnt",12,1969,0,1,0,0,0,47,127,0,0,0,2,0,0,0,0,0,0,0,0,0,0,0,0,0,0,0,0,0,0,0,0,1,0,0,0,0,0,0,0,0,0,0,0,0,0,0,0,0,0,0,0,0,0,0,0,0,0,0,0,1,0,0,0,0,0,0,0,0,0,0,0,0,0,0,0,0,0,0,0,0,0,0,0,0,0,0,0,0,0,0,0,0,0,0,3,4,0,0,0,0,0,0,0,0,0,0,0,0,0,0,0,0,0,0,0,0,0,0,0,1,0,1,0,0,0,0,0,0,0,0,0,1,0,0,0,0,0,0,0,0,0,0,0,0,0,0,0,0,0,0,0,0,0,0,1,0,3,2,0,90,0,1,0,0,0,0,0,0,0,0,0,0,0,0,0,0,0,3,1,0,0,0,0,0,0,0,0,0,0,0,0,0,0,85,2,0,0,0,0,0,0,0,0,0,0,0,0,0,23,0,0,0,0,0
"84","Burnt",16,1943,1,2,0,0,1,57,128,0,1,0,0,0,0,0,0,0,0,0,0,0,0,0,0,0,0,0,0,0,0,0,0,0,0,0,0,0,0,0,0,0,0,2,0,0,0,0,0,0,0,0,0,0,0,0,0,0,0,0,0,1,0,0,1,0,0,0,0,0,0,0,0,0,0,0,0,0,2,0,0,0,0,0,0,0,0,0,0,0,0,0,0,0,0,0,1,1,0,0,0,0,0,0,0,0,0,0,0,0,0,0,0,0,0,0,1,0,0,0,0,1,0,1,0,0,0,0,0,0,0,0,0,0,0,0,0,0,0,0,0,0,0,0,0,0,0,0,0,0,0,0,0,0,0,0,0,0,3,4,1,57,0,1,1,2,0,0,0,0,0,0,0,0,0,0,0,0,0,3,0,0,0,0,0,0,0,0,0,0,0,1,0,0,2,99,0,0,0,0,0,0,0,0,0,0,0,0,0,0,25,0,0,0,0,0
"85","Burnt",17,1929,0,1,0,0,0,42,216,0,0,0,0,0,0,0,0,0,0,0,0,0,0,0,0,0,0,0,0,0,0,0,0,0,0,0,0,0,0,0,0,0,0,0,0,0,0,0,0,0,0,0,0,0,0,0,0,0,0,0,0,1,0,0,3,0,0,0,0,0,0,0,0,0,0,0,0,0,0,0,0,0,0,0,0,0,0,0,0,0,0,0,0,0,0,0,2,2,0,0,0,0,0,0,0,0,0,0,0,0,0,0,0,0,0,0,0,0,0,0,0,1,0,0,0,0,0,0,0,0,0,0,0,1,0,0,0,0,0,0,0,0,0,0,0,0,0,0,0,0,0,0,0,0,0,0,0,0,4,2,1,57,0,0,1,0,0,0,0,0,1,0,0,0,0,0,0,0,0,3,0,0,0,0,0,0,0,0,0,0,0,1,0,0,4,33,1,0,0,0,0,0,0,0,0,0,0,0,0,0,23,0,0,0,0,0
"86","Burnt",22,1904,1,1,0,0,0,38,169,0,0,0,2,0,0,0,0,0,0,0,0,0,0,0,0,0,0,0,0,0,0,0,0,1,0,0,0,0,0,0,0,0,0,0,0,0,0,0,0,0,0,0,0,0,0,0,0,0,0,0,0,1,0,0,1,0,0,0,0,0,0,0,0,0,0,0,0,0,1,0,0,0,0,1,0,0,0,0,0,1,0,0,0,0,0,0,3,4,0,0,0,0,0,0,0,0,0,0,0,0,0,0,0,0,0,0,2,0,0,0,0,0,0,0,0,0,0,0,0,0,0,0,0,0,0,0,0,0,0,0,1,0,0,0,0,0,0,0,0,0,0,0,0,0,0,0,1,0,7,3,0,95,0,1,0,4,0,0,0,0,0,0,0,0,0,0,0,0,0,2,2,0,0,0,0,0,0,0,0,0,0,0,0,0,0,23,2,0,0,0,0,0,0,0,0,0,0,0,0,0,33,0,0,0,0,0
"87","Burnt",26,1879,1,2,0,0,0,38,217,0,0,0,0,0,0,0,0,0,0,0,0,0,0,0,0,0,0,0,0,0,0,0,0,0,0,0,0,0,0,0,0,0,0,0,0,0,0,0,0,0,0,0,0,0,0,0,0,0,0,0,0,0,0,0,1,0,0,0,0,0,0,0,0,0,0,0,0,0,2,0,0,0,0,0,0,0,0,0,0,0,0,0,0,0,0,0,2,2,0,0,0,0,0,0,0,0,1,0,0,0,0,0,0,0,0,0,0,0,0,0,0,1,0,0,0,0,0,0,0,0,0,0,0,1,0,0,0,0,0,0,0,0,0,0,0,0,0,0,0,0,0,0,0,0,0,0,0,0,6,4,0,52,0,1,1,0,0,0,0,0,0,0,0,0,0,0,0,0,0,2,2,0,0,0,0,0,0,0,0,0,0,0,0,0,2,38,1,0,0,0,0,0,0,0,0,0,0,0,0,0,23,0,0,0,0,0
"88","Dunnigan",2,2019,0,7,0,0,0,0,0,0,0,0,0,0,4,13,1,0,0,0,0,5,12,5,2,0,0,0,0,3,1,0,0,0,0,3,0,0,2,6,0,0,0,0,0,0,0,0,0,0,0,0,0,0,0,0,0,0,0,5,0,0,0,0,0,0,1,0,0,4,0,0,2,2,7,0,0,3,0,0,0,0,0,0,0,0,0,0,0,0,0,0,5,3,0,0,0,0,0,0,79,0,0,0,0,0,0,5,0,2,0,0,7,0,0,0,0,3,3,0,2,0,0,0,0,45,0,2,11,3,0,0,0,0,3,0,0,2,0,17,9,0,0,1,0,0,0,0,0,0,0,0,0,0,0,2,0,0,0,0,19,0,0,0,0,0,7,0,0,0,0,11,4,0,0,0,0,0,0,0,13,0,0,0,0,0,0,0,0,0,0,0,0,0,0,0,0,0,5,0,6,0,7,0,0,0,0,0,0,4,24,5,1,0,2,0
"89","Dunnigan",5,2013,0,10,0,0,0,0,0,0,0,0,0,0,2,9,0,0,0,0,0,4,10,2,2,0,0,0,0,2,0,0,0,0,0,1,0,1,1,1,0,0,0,0,0,0,0,0,0,0,0,0,0,0,0,0,0,0,0,5,3,0,0,0,0,0,2,0,0,2,0,0,2,1,3,0,0,1,0,0,0,0,0,0,0,0,0,0,0,0,0,0,1,1,0,0,0,0,0,0,85,0,0,0,0,0,0,10,0,8,0,0,5,0,0,0,0,3,2,0,3,0,0,0,0,50,0,4,12,3,0,0,0,0,4,0,0,10,0,24,8,0,0,1,0,0,0,0,0,0,0,0,0,0,0,1,0,0,0,0,21,0,0,0,0,0,10,0,0,0,0,15,3,0,0,0,0,0,0,0,7,0,0,0,0,0,0,0,0,0,0,0,0,0,0,0,0,0,4,0,3,0,5,0,0,0,0,0,0,4,23,4,0,0,2,0
"90","Dunnigan",7,2005,0,7,0,0,0,0,0,0,0,0,0,0,2,12,1,0,0,0,0,0,14,4,0,0,0,0,0,0,1,0,0,0,0,4,0,1,1,4,0,0,0,0,0,0,0,0,0,0,0,0,1,0,0,0,0,0,0,3,3,0,0,0,0,0,2,0,0,4,0,0,1,1,11,0,0,5,0,0,0,0,0,0,0,0,0,0,0,0,0,0,2,0,0,0,0,0,0,0,91,0,0,0,0,0,0,10,0,9,0,0,3,0,0,0,0,3,1,0,1,0,0,0,0,50,0,1,9,2,0,0,0,0,0,0,0,11,0,14,3,0,0,1,0,0,0,0,0,0,0,0,0,0,0,2,0,0,0,0,16,0,0,0,0,0,10,0,0,0,0,17,1,0,0,0,0,0,0,0,10,0,0,0,0,0,0,0,0,0,0,0,0,0,0,0,0,0,3,0,8,0,4,0,0,0,0,0,0,2,29,2,2,0,1,0
"91","Dunnigan",8,2000,0,6,0,0,0,0,0,0,0,0,0,0,2,14,0,0,0,0,0,1,10,5,2,0,0,0,0,1,0,0,0,0,0,3,0,1,0,1,0,0,0,0,0,0,0,0,0,0,0,0,0,0,0,0,0,0,0,3,0,0,0,0,0,0,2,0,0,2,0,0,0,4,10,0,0,1,0,0,0,0,0,0,0,0,0,0,0,0,0,0,2,2,0,0,0,0,0,0,93,0,0,0,0,0,0,12,0,7,0,0,5,0,0,0,0,3,1,0,0,0,0,0,0,52,0,2,3,4,0,0,2,0,1,0,0,9,0,13,8,0,0,0,0,0,0,0,0,0,0,0,0,0,0,2,0,0,0,0,8,0,0,0,0,0,9,0,0,0,0,19,4,0,0,0,0,0,0,0,12,0,0,0,0,0,0,0,0,0,0,0,0,0,0,0,0,0,7,0,8,0,1,0,0,0,0,0,0,3,32,4,2,0,2,0
"92","Dunnigan",9,1994,0,10,0,0,0,0,0,0,0,0,0,0,0,14,2,0,0,0,0,2,12,1,1,0,0,0,0,0,0,0,0,0,0,1,0,1,0,2,0,0,0,0,0,0,0,0,0,0,0,0,0,0,0,0,0,0,0,9,3,0,0,0,0,0,0,0,0,2,0,0,2,1,4,0,0,1,0,0,0,0,0,0,0,0,0,0,0,0,0,0,3,0,0,0,0,0,0,0,72,0,0,0,0,0,0,12,0,5,0,0,5,0,0,0,0,6,1,0,2,0,0,0,0,50,0,3,6,1,0,0,0,0,0,0,0,9,0,13,5,0,0,2,0,0,0,0,0,0,0,0,0,0,0,1,0,0,0,0,7,0,0,0,0,0,14,0,0,0,0,15,3,0,0,0,0,0,0,0,11,0,0,0,0,0,0,0,0,0,0,0,0,0,0,0,0,0,0,0,3,0,4,0,0,0,0,0,0,2,73,3,0,0,1,0
"93","Dunnigan",10,1988,0,8,0,0,0,0,0,0,0,0,0,0,4,11,2,0,0,0,0,2,15,4,2,0,0,0,0,0,1,0,0,0,0,3,0,0,1,2,0,0,0,0,0,0,0,0,0,0,0,0,1,0,0,0,0,0,0,4,2,0,0,0,0,0,1,0,0,5,0,0,4,4,7,0,0,2,0,0,0,0,0,0,0,0,0,0,0,0,0,0,3,2,0,0,0,0,0,0,90,0,0,0,0,0,0,10,0,4,0,0,3,0,0,0,0,3,4,0,3,0,0,0,0,44,0,0,9,4,0,0,2,0,3,0,0,11,0,19,10,0,0,2,0,0,0,0,0,0,0,0,0,0,0,1,0,0,0,0,13,0,0,0,0,0,8,0,0,0,0,23,2,0,0,0,0,0,0,0,12,0,0,0,0,0,0,0,0,0,0,0,0,0,0,0,0,0,5,0,8,0,5,0,0,0,0,0,0,2,9,0,0,0,1,0
"94","Dunnigan",11,1980,0,9,0,0,0,0,0,0,0,0,0,0,4,10,1,0,0,0,0,3,9,1,2,0,0,0,0,0,1,0,0,0,0,3,0,0,0,2,0,0,0,0,0,0,0,0,0,0,0,0,0,0,0,0,0,0,0,7,3,0,0,0,0,0,2,0,0,5,0,0,4,4,4,0,0,1,0,0,0,0,0,0,0,0,0,0,0,0,0,0,1,1,0,0,0,0,0,0,75,0,0,0,0,0,0,9,0,8,0,0,4,0,0,0,0,4,2,0,0,0,0,0,0,40,0,0,3,1,0,0,1,0,3,0,0,9,0,16,4,0,0,3,0,0,0,0,0,0,0,0,0,0,0,3,0,0,0,0,29,0,0,0,0,0,8,0,0,0,0,14,1,0,0,0,0,0,0,0,9,0,0,0,0,0,0,0,0,0,0,0,0,0,0,0,0,0,7,0,8,0,8,0,0,0,0,0,0,2,46,3,2,0,1,0
"95","Dunnigan",12,1972,0,10,0,0,0,0,0,0,0,0,0,0,4,16,0,0,0,0,0,2,9,2,1,0,0,0,0,0,0,0,0,0,0,1,0,1,1,4,0,0,0,0,0,0,0,0,0,0,0,0,1,0,0,0,0,0,0,5,3,0,0,0,0,0,2,0,0,3,0,0,4,2,7,0,0,5,0,0,0,0,0,0,0,0,0,0,0,0,0,0,1,0,0,0,0,0,0,0,95,0,0,0,0,0,0,12,0,5,0,0,4,0,0,0,0,4,4,0,2,0,0,0,0,49,0,2,6,3,0,0,0,0,2,0,0,1,0,14,9,0,0,3,0,0,0,0,0,0,0,0,0,0,0,2,0,0,0,0,11,0,0,0,0,0,7,0,0,0,0,18,1,0,0,0,0,0,0,0,11,0,0,0,0,0,0,0,0,0,0,0,0,0,0,0,0,0,4,0,2,0,7,0,0,0,0,0,0,3,33,1,1,0,0,0
"96","Dunnigan",13,1964,0,4,0,0,0,0,0,0,0,0,0,0,3,8,2,0,0,0,0,3,13,3,0,0,0,0,0,0,1,0,0,0,0,3,0,0,0,1,0,0,0,0,0,0,0,0,0,0,0,0,0,0,0,0,0,0,0,6,0,0,0,0,0,0,0,0,0,3,0,0,4,2,4,0,0,2,0,0,0,0,0,0,0,0,0,0,0,0,0,0,1,0,0,0,0,0,0,0,73,0,0,0,0,0,0,5,0,6,0,0,6,0,0,0,0,6,2,0,0,0,0,0,0,53,0,3,3,1,0,0,2,0,0,0,0,2,0,24,13,0,0,3,0,0,0,0,0,0,0,0,0,0,0,0,0,0,0,0,24,0,0,0,0,0,11,0,0,0,0,21,3,0,0,0,0,0,0,0,10,0,0,0,0,0,0,0,0,0,0,0,0,0,0,0,0,0,4,0,8,0,6,0,0,0,0,0,0,3,37,5,2,0,1,0
"97","Dunnigan",14,1954,0,5,0,0,0,0,0,0,0,0,0,0,1,15,2,0,0,0,0,2,14,4,2,0,0,0,0,2,1,0,0,0,0,2,0,1,0,1,0,0,0,0,0,0,0,0,0,0,0,0,1,0,0,0,0,0,0,8,2,0,0,0,0,0,0,0,0,5,0,0,0,4,3,0,0,2,0,0,0,0,0,0,0,0,0,0,0,0,0,0,3,0,0,0,0,0,0,0,90,0,0,0,0,0,0,12,0,5,0,0,4,0,0,0,0,6,1,0,0,0,0,0,0,42,0,2,7,4,0,0,0,0,2,0,0,10,0,17,10,0,0,0,0,0,0,0,0,0,0,0,0,0,0,1,0,0,0,0,20,0,0,0,0,0,4,0,0,0,0,16,1,0,0,0,0,0,0,0,9,0,0,0,0,0,0,0,0,0,0,0,0,0,0,0,0,0,1,0,7,0,8,0,0,0,0,0,0,2,32,5,0,0,2,0
"98","Dunnigan",16,1933,0,9,0,0,0,0,0,0,0,0,0,0,0,16,2,0,0,0,0,2,10,5,0,0,0,0,0,1,0,0,0,0,0,4,0,0,1,4,0,0,0,0,0,0,0,0,0,0,0,0,0,0,0,0,0,0,0,6,2,0,0,0,0,0,2,0,0,5,0,0,1,3,9,0,0,2,0,0,0,0,0,0,0,0,0,0,0,0,0,0,1,1,0,0,0,0,0,0,80,0,0,0,0,0,0,12,0,5,0,0,7,0,0,0,0,4,3,0,3,0,0,0,0,54,0,4,6,3,0,0,1,0,0,0,0,4,0,25,1,0,0,1,0,0,0,0,0,0,0,0,0,0,0,3,0,0,0,0,8,0,0,0,0,0,14,0,0,0,0,9,5,0,0,0,0,0,0,0,10,0,0,0,0,0,0,0,0,0,0,0,0,0,0,0,0,0,3,0,7,0,5,0,0,0,0,0,0,1,34,0,2,0,0,0
"99","Dunnigan",18,1912,0,9,0,0,0,0,0,0,0,0,0,0,1,15,1,0,0,0,0,1,15,5,0,0,0,0,0,1,0,0,0,0,0,3,0,0,1,2,0,0,0,0,0,0,0,0,0,0,0,0,0,0,0,0,0,0,0,8,2,0,0,0,0,0,1,0,0,3,0,0,2,3,10,0,0,3,0,0,0,0,0,0,0,0,0,0,0,0,0,0,2,0,0,0,0,0,0,0,92,0,0,0,0,0,0,11,0,5,0,0,5,0,0,0,0,8,1,0,2,0,0,0,0,47,0,4,8,2,0,0,1,0,0,0,0,3,0,24,5,0,0,1,0,0,0,0,0,0,0,0,0,0,0,1,0,0,0,0,12,0,0,0,0,0,11,0,0,0,0,16,2,0,0,0,0,0,0,0,14,0,0,0,0,0,0,0,0,0,0,0,0,0,0,0,0,0,7,0,7,0,7,0,0,0,0,0,0,4,8,4,0,0,0,0
"100","Dunnigan",20,1891,0,10,0,0,0,0,0,0,0,0,0,0,5,10,2,0,0,0,0,4,7,1,2,0,0,0,0,2,1,0,0,0,0,1,0,0,1,3,0,0,0,0,0,0,0,0,0,0,0,0,0,0,0,0,0,0,0,8,2,0,0,0,0,0,1,0,0,5,0,0,3,1,6,0,0,4,0,0,0,0,0,0,0,0,0,0,0,0,0,0,3,2,0,0,0,0,0,0,65,0,0,0,0,0,0,11,0,4,0,0,7,0,0,0,0,7,2,0,1,0,0,0,0,52,0,0,7,3,0,0,1,0,4,0,0,12,0,18,12,0,0,5,0,0,0,0,0,0,0,0,0,0,0,3,0,0,0,0,15,0,0,0,0,0,14,0,0,0,0,13,5,0,0,0,0,0,0,0,14,0,0,0,0,0,0,0,0,0,0,0,0,0,0,0,0,0,0,0,6,0,11,0,0,0,0,0,0,2,19,2,1,0,0,0
"101","Dunnigan",22,1871,0,7,0,0,0,0,0,0,0,0,0,0,1,17,1,0,0,0,0,4,7,3,0,0,0,0,0,0,1,0,0,0,0,1,0,0,0,3,0,0,0,0,0,0,0,0,0,0,0,0,0,0,0,0,0,0,0,2,3,0,0,0,0,0,0,0,0,5,0,0,4,4,6,0,0,2,0,0,0,0,0,0,0,0,0,0,0,0,0,0,1,2,0,0,0,0,0,0,74,0,0,0,0,0,0,8,0,7,0,0,7,0,0,0,0,7,2,0,1,0,0,0,0,45,0,4,7,2,0,0,0,0,4,0,0,12,0,16,10,0,0,4,0,0,0,0,0,0,0,0,0,0,0,0,0,0,0,0,24,0,0,0,0,0,12,0,0,0,0,17,4,0,0,0,0,0,0,0,11,0,0,0,0,0,0,0,0,0,0,0,0,0,0,0,0,0,7,0,8,0,3,0,0,0,0,0,0,4,25,0,1,0,0,0
"102","Dunnigan",24,1851,0,5,0,0,0,0,0,0,0,0,0,0,3,13,1,0,0,0,0,1,9,3,0,0,0,0,0,1,1,0,0,0,0,4,0,0,1,4,0,0,0,0,0,0,0,0,0,0,0,0,0,0,0,0,0,0,0,2,0,0,0,0,0,0,2,0,0,3,0,0,4,3,7,0,0,1,0,0,0,0,0,0,0,0,0,0,0,0,0,0,3,2,0,0,0,0,0,1,85,0,0,0,0,0,0,10,0,8,0,0,4,0,0,0,0,3,1,0,3,0,0,0,0,42,0,2,12,4,0,0,1,0,4,0,0,11,0,22,9,0,0,1,0,0,0,0,0,0,0,0,0,0,0,1,0,0,0,0,7,0,0,0,0,0,13,0,0,0,0,17,4,0,0,0,0,0,0,0,8,0,0,0,0,0,0,0,0,0,0,0,0,0,0,0,0,0,2,0,6,0,9,0,0,0,0,0,0,3,30,4,0,0,0,0
"103","WTwin",5,2017,0,0,1,0,0,23,74,0,0,0,0,0,0,0,0,0,0,0,0,0,0,0,2,0,0,0,0,0,0,0,0,0,4,0,0,0,2,2,0,0,0,0,0,0,0,0,0,0,0,0,0,0,0,2,0,0,0,0,0,0,0,0,0,0,0,0,0,4,2,0,0,0,0,2,0,0,0,0,0,6,0,0,0,0,0,0,0,0,0,0,0,0,0,0,8,0,4,0,0,0,2,0,0,0,0,0,0,0,0,2,2,0,0,2,0,0,0,0,2,0,0,0,0,18,0,0,0,0,0,0,0,0,0,0,2,0,0,4,0,0,0,0,0,0,0,0,0,0,0,0,0,0,0,0,0,0,0,28,0,142,0,0,0,0,0,2,0,0,0,0,0,0,0,2,10,0,0,0,0,0,0,0,0,0,0,0,2,0,0,6,0,0,0,12,0,0,0,0,2,0,2,0,0,0,0,0,0,0,18,4,0,0,0,0
"104","WTwin",9,2012,0,0,5,0,0,26,97,0,0,0,0,0,0,0,0,0,0,0,0,0,0,0,0,0,0,0,0,0,0,0,0,8,12,2,0,0,0,0,0,0,0,0,0,0,0,0,0,0,0,0,0,2,0,0,0,0,0,0,0,0,0,2,22,0,0,0,4,4,0,0,0,0,0,0,0,0,0,0,0,0,2,0,0,0,0,0,0,0,0,0,0,0,0,0,33,0,1,0,0,0,0,0,0,0,0,0,0,0,0,0,0,0,0,0,0,0,0,0,0,0,0,0,0,0,4,8,0,0,0,0,0,0,0,0,0,0,0,0,0,0,0,0,0,0,0,0,0,0,0,0,0,0,0,2,0,0,0,18,0,80,0,0,0,0,0,0,0,0,0,2,0,0,0,0,0,0,0,0,0,0,0,0,2,0,0,0,0,0,0,2,0,0,0,22,0,0,0,0,0,2,0,0,0,0,0,0,0,0,38,0,0,0,0,0
"105","WTwin",12,2007,0,15,4,0,0,12,53,0,0,0,2,0,0,0,0,0,0,0,2,0,0,0,0,2,0,0,0,0,0,0,0,4,4,2,0,0,0,2,0,0,0,0,0,0,0,0,0,0,0,0,0,4,0,0,0,0,0,0,0,0,0,0,2,0,0,0,0,8,0,4,0,0,0,0,2,0,0,0,0,0,0,2,0,0,0,0,0,0,0,0,0,0,0,0,26,0,4,0,0,0,0,0,2,0,0,0,0,0,0,0,0,0,0,2,0,0,0,0,2,0,0,0,0,4,8,10,2,0,0,0,0,0,0,0,0,0,0,0,0,0,2,0,0,0,0,2,0,0,0,0,0,2,0,2,0,0,0,30,0,68,2,0,0,0,22,0,2,0,0,8,0,0,0,2,0,2,0,0,6,0,4,0,0,0,0,2,0,0,0,4,0,0,0,32,0,0,0,0,0,0,0,0,0,0,0,0,0,0,24,0,0,0,0,0
"106","WTwin",15,2001,0,9,2,0,0,18,78,0,0,0,9,0,0,0,0,0,0,0,3,0,0,0,0,2,0,0,0,0,0,0,0,3,9,2,0,0,2,1,0,0,0,0,0,0,0,0,0,0,0,0,0,3,0,2,0,0,0,0,0,0,0,2,14,0,0,0,0,9,1,3,0,0,0,3,3,0,0,0,0,0,0,1,0,0,0,0,0,0,0,0,0,0,0,0,31,0,2,0,0,0,2,0,1,0,0,0,0,0,0,0,0,0,0,2,0,0,0,0,2,0,0,0,0,8,7,2,3,0,0,0,0,0,0,0,0,0,0,0,0,0,1,0,0,0,0,2,0,0,0,0,0,1,0,0,0,0,0,3,0,72,1,0,0,0,17,0,0,0,0,6,0,0,0,1,3,1,0,0,3,0,0,0,1,0,0,0,1,0,0,5,0,0,0,29,0,0,0,0,1,2,1,0,0,0,0,0,0,0,10,0,0,0,0,0
"107","WTwin",17,1997,0,0,1,0,0,14,77,0,0,0,9,0,0,0,0,0,0,0,3,0,0,0,0,3,0,0,0,0,0,0,0,7,11,1,0,0,1,0,0,0,0,0,0,0,0,0,0,0,0,0,0,1,0,2,0,0,0,0,0,0,0,1,6,0,0,0,0,5,3,3,0,0,0,2,2,0,0,0,0,2,3,2,0,0,0,0,0,0,0,0,0,0,0,0,35,0,2,0,0,0,2,0,2,0,0,0,0,0,0,1,1,0,0,2,0,0,0,0,0,0,0,0,0,3,5,9,2,0,0,0,0,0,0,0,0,0,0,4,0,0,1,0,0,0,0,1,0,0,0,0,0,0,0,2,0,0,0,17,0,63,0,0,0,0,18,1,0,0,0,6,0,0,0,1,0,0,0,0,3,0,1,0,0,0,0,2,0,0,0,4,0,0,0,31,0,0,1,0,0,1,0,0,0,0,0,0,0,0,20,0,0,0,0,0
"108","WTwin",19,1992,0,10,3,0,0,8,66,0,0,0,9,0,0,0,0,0,0,0,3,0,0,0,0,0,0,0,0,0,0,0,0,2,5,0,0,0,2,2,0,0,0,0,0,0,0,0,0,0,0,0,0,4,0,0,0,0,0,0,0,0,0,0,3,0,0,0,4,9,2,4,0,0,0,0,1,0,0,0,0,1,0,1,0,0,0,0,0,0,0,0,0,0,0,0,27,0,3,0,0,0,1,0,0,0,0,0,0,0,0,1,0,0,0,0,0,0,0,0,1,0,0,0,0,7,3,2,2,0,0,0,0,0,0,0,0,0,0,3,0,0,1,0,0,0,0,2,0,0,0,0,0,1,0,0,0,0,0,11,0,81,0,0,0,0,21,0,0,0,0,4,0,0,0,1,1,1,0,0,4,0,3,0,1,0,0,1,0,0,0,1,0,0,0,27,0,0,2,0,1,1,0,0,0,0,0,0,0,0,46,0,0,0,0,0
"109","WTwin",21,1986,0,17,2,0,0,13,75,0,0,0,4,0,0,0,0,0,0,0,0,0,0,0,0,1,0,0,0,0,0,0,0,2,11,2,0,0,0,2,0,0,0,0,0,0,0,0,0,0,0,0,0,2,0,0,0,0,0,0,0,0,0,1,8,0,0,0,2,5,3,0,0,0,0,0,1,0,0,0,0,3,0,0,0,0,0,0,0,0,0,0,0,0,0,0,25,0,0,0,0,0,2,0,2,0,0,0,0,0,0,0,0,0,0,0,0,0,0,0,0,0,0,0,0,0,1,9,1,0,0,0,0,0,0,0,1,0,0,3,0,0,2,0,0,0,0,1,0,0,0,0,0,1,0,0,0,0,0,23,0,61,0,0,0,0,17,1,1,0,0,8,0,0,0,1,1,0,0,0,4,0,0,0,0,0,0,1,0,0,0,5,0,0,0,35,0,0,3,0,0,1,0,0,0,0,0,0,0,0,36,0,0,0,0,0
"110","WTwin",23,1981,0,8,5,0,0,3,81,0,0,0,6,0,0,0,0,0,0,0,2,0,0,0,1,3,0,0,0,0,0,0,0,3,8,1,0,0,2,0,0,0,0,0,0,0,0,0,0,0,0,0,0,4,0,0,0,0,0,0,0,0,0,1,0,0,0,0,1,8,1,3,0,0,0,0,3,0,0,0,0,0,1,3,0,0,0,0,0,0,0,0,0,0,0,0,26,0,5,0,0,0,1,0,0,0,0,0,0,0,0,0,2,0,0,1,0,0,0,0,2,0,0,0,0,0,2,8,1,0,0,0,0,0,0,0,0,0,0,3,0,0,0,0,0,0,0,0,0,0,0,0,0,0,0,0,0,0,0,21,0,66,0,0,0,0,15,1,1,0,0,5,0,0,0,1,0,1,0,0,0,0,2,0,1,0,0,1,1,0,0,3,0,0,0,31,0,0,4,0,0,2,0,0,0,0,0,0,0,0,45,0,0,0,0,0
"111","WTwin",25,1975,0,14,3,0,0,5,79,0,0,0,6,0,0,0,0,0,0,0,3,0,0,1,0,2,0,0,0,0,0,0,0,6,7,0,0,0,0,0,0,0,0,0,0,0,0,0,0,0,0,0,0,4,0,1,0,0,0,0,0,0,0,0,0,0,0,0,1,3,3,2,0,0,0,3,0,0,0,0,0,3,0,2,0,0,0,0,0,0,0,0,0,0,0,0,31,0,2,0,0,0,1,0,2,0,0,0,0,0,0,1,0,0,0,2,0,0,0,0,1,0,0,0,0,0,7,3,1,0,0,0,0,0,0,0,0,0,0,0,0,0,1,0,0,0,0,1,0,0,0,0,0,1,0,2,0,0,0,12,0,76,0,0,0,0,16,0,1,0,0,9,0,0,0,0,2,1,0,0,2,0,3,0,0,0,0,1,0,0,0,3,0,0,0,28,0,0,5,0,0,1,1,0,0,0,0,0,0,0,35,0,0,0,0,0
"112","WTwin",27,1969,0,6,5,0,0,0,75,0,0,0,9,0,0,0,0,0,0,0,1,0,0,0,0,0,0,0,0,0,0,0,0,2,6,3,0,0,0,0,0,0,0,0,0,0,0,0,0,0,0,0,0,0,0,0,0,0,0,0,0,0,0,2,0,0,0,0,0,5,3,2,0,0,0,1,1,0,0,0,0,1,2,2,0,0,0,0,0,0,0,0,0,0,0,0,33,0,2,0,0,0,0,0,0,0,0,0,0,0,0,1,2,0,0,0,0,0,0,0,1,0,0,0,0,7,6,9,2,0,0,0,0,0,0,0,0,0,0,2,0,0,2,0,0,0,0,0,0,0,0,0,0,0,0,1,0,0,0,15,0,83,1,0,0,0,15,1,0,0,0,9,0,0,0,1,1,0,0,0,3,0,2,0,0,0,0,1,0,0,0,1,0,0,0,26,0,0,6,0,0,1,0,0,0,0,0,0,0,0,40,0,0,0,0,0
"113","WTwin",29,1962,0,5,3,0,0,0,84,0,0,0,2,0,0,0,0,0,0,0,1,0,0,0,0,1,0,0,0,0,0,0,0,10,11,0,0,0,0,0,0,0,0,0,0,0,0,0,0,0,0,0,0,0,0,0,0,0,0,0,0,0,0,2,0,0,0,0,4,9,3,2,0,0,0,3,0,0,0,0,0,2,1,1,0,0,0,0,0,0,0,0,0,0,0,0,32,0,0,0,0,0,0,0,2,0,0,0,0,0,0,0,1,0,0,0,0,0,0,0,0,0,0,0,0,7,7,2,3,0,0,0,0,0,0,0,0,0,0,1,0,0,2,0,0,0,0,2,0,0,0,0,0,0,0,1,0,0,0,15,0,85,0,0,0,0,21,0,1,0,0,8,0,0,0,0,2,0,0,0,4,0,1,0,1,0,0,3,1,0,0,3,0,0,0,30,0,0,7,0,0,0,1,0,0,0,0,0,0,0,13,0,0,0,0,0
"114","WTwin",35,1943,0,11,4,0,0,0,97,0,0,0,2,0,0,0,0,0,0,0,1,0,0,0,0,3,0,0,0,0,0,0,0,5,6,2,0,0,1,0,0,0,0,0,0,0,0,0,0,0,0,0,0,0,0,1,0,0,0,0,0,0,0,0,0,0,0,0,4,9,3,3,0,0,0,3,0,0,0,0,0,1,0,2,0,0,0,0,0,0,0,0,0,0,0,0,33,0,1,0,0,0,0,0,2,0,0,0,0,0,0,1,2,0,0,1,0,0,0,0,0,0,0,0,0,5,4,9,2,0,0,0,0,0,0,0,0,0,0,1,0,0,0,0,0,0,0,0,0,0,0,0,0,1,0,0,0,0,0,13,0,69,0,0,0,0,15,1,0,0,0,3,0,0,0,1,0,1,0,0,1,0,3,0,1,0,0,1,0,0,0,3,0,0,0,34,0,0,8,0,1,2,1,0,0,0,0,0,0,0,22,0,0,0,0,0
"115","WTwin",40,1922,0,7,4,0,0,0,101,0,0,0,5,0,0,0,0,0,0,0,0,0,0,0,0,3,0,0,0,0,0,0,0,5,4,3,0,0,2,1,0,0,0,0,0,0,0,0,0,0,0,0,0,5,0,2,0,0,0,0,0,0,0,0,0,0,0,0,1,9,2,3,0,0,0,3,3,0,0,0,0,1,1,3,0,0,0,0,0,0,0,0,0,0,0,0,32,0,0,0,0,0,2,0,2,0,0,0,0,0,0,2,1,0,0,0,0,0,0,0,2,0,0,0,0,7,4,2,1,0,0,0,0,0,0,0,1,0,0,0,0,0,2,0,0,0,0,0,0,0,0,0,0,1,0,1,0,0,0,20,0,63,1,0,0,0,19,0,0,0,0,3,0,0,0,0,0,1,0,0,1,0,3,0,0,0,0,3,0,0,0,5,0,0,0,31,0,0,9,0,1,2,0,0,0,0,0,0,0,0,10,0,0,0,0,0
"116","WTwin",44,1904,0,2,0,0,0,0,94,0,0,0,4,0,0,0,0,0,0,0,2,0,0,0,1,3,0,0,0,0,0,0,0,6,6,3,0,0,1,0,0,0,0,0,0,0,0,0,0,0,0,0,0,0,0,1,0,0,0,0,0,0,0,1,0,0,0,0,2,7,2,3,0,0,0,1,2,0,0,0,0,2,3,2,0,0,0,0,0,0,0,0,0,0,0,0,28,0,2,0,0,0,1,0,0,0,0,0,0,0,0,1,0,0,0,1,0,0,0,0,2,0,0,0,0,4,2,11,2,0,0,0,0,0,0,0,1,0,0,0,0,0,1,0,0,0,0,0,0,0,0,0,0,0,0,2,0,0,0,20,0,63,1,0,0,0,22,1,0,0,0,3,0,0,0,1,3,0,0,0,4,0,2,0,0,0,0,0,1,0,0,1,0,0,0,30,0,0,10,0,1,1,0,0,0,0,0,0,0,0,30,0,0,0,0,0
"117","WTwin",48,1883,0,2,5,0,0,0,80,0,0,0,7,0,0,0,0,0,0,0,1,0,0,0,0,0,0,0,0,0,0,0,0,3,11,2,0,0,2,0,0,0,0,0,0,0,0,0,0,0,0,0,0,0,0,1,0,0,0,0,0,0,0,1,0,0,0,0,3,5,3,2,0,0,0,3,2,0,0,0,0,0,1,2,0,0,0,0,0,0,0,0,0,0,0,0,34,0,0,0,0,0,2,0,0,0,0,0,0,0,0,2,2,0,0,0,0,0,0,0,0,0,0,0,0,6,7,11,3,0,0,0,0,0,0,0,0,0,0,4,0,0,2,0,0,0,0,1,0,0,0,0,0,1,0,0,0,0,0,14,0,54,1,0,0,0,15,1,0,0,0,3,0,0,0,2,2,0,0,0,1,0,0,0,0,0,0,1,0,0,0,1,0,0,0,26,0,0,11,0,0,0,0,0,0,0,0,0,0,0,57,0,0,0,0,0
